,User_Name,Tags,Datetime,Like_Count
0,lovely._.02,[],2019년 12월 27일,18
1,heejin______kim,"['#ootd', '#f4f', '#flf', '#책', '#책스타그램', '#카페', '#카페스타그램', '#커피스타그램', '#데이트', '#럽스타그램', '#운동', '#운동하는여자', '#운동스타그램', '#드라이브', '#감성', '#데일리', '#맞팔', '#소통', '#꽃스타그램', '#꽃모닝', '#커플그램', '#여행', '#주말여행', '#여행스타그램', '#영어강사', '#그림스타그램']",2019년 12월 27일,15
2,likechu_,"['#여행에미치다', '#여행스타그램', '#보라카이', '#필리핀', '#필리핀여행', '#셀스타그램', '#얼스타그램', '#보라카이여행', '#화이트비치', '#첫줄', '#좋반', '#좋아요반사', '#데일리', '#여행', '#행복', '#좋아요', '#스냅사진', '#인생샷', '#말룸파티', '#참이슬', '#후레시', '#얼굴벌개짐', '#daily', '#instaphoto', '#instapic', '#dailypic', '#boracay', '#philippines', '#kalibo', '#whitebeach']",2019년 12월 27일,44
3,purebreadgirl,['#껠끄쇼즈'],2019년 12월 27일,7
4,sssong__eee,"['#뉴욕여행', '#뉴욕', '#여행', '#여행스타그램', '#dumbobrooklyn', '#brooklynbridge', '#nyc']",2019년 12월 27일,11
5,jyj624,"['#우리의10주년', '#남편이', '#휴가', '#여행을떠나리라', '#근데어디가지', '#여행스타그램', '#첫줄', '#오늘저녁은', '#또머해먹지', '#주부일상', '#주부들이', '#항상저녁걱정', '#일상샷', '#일상소통', '#일상공유', '#정주부', '#정새댁', '#신혼부부', '#럽스타그램', '#인친', '#선팔', '#맞팔', '#팔로우', '#fff', '#좋아요']",2019년 12월 27일,9
6,james_wanderlust,[],2019년 12월 27일,97
7,myung_eunie,"['#무서워', '#겨울여행', '#대관령양떼목장']",2019년 12월 27일,17
8,sucasa_private,['#yoojinkim'],2019년 12월 27일,66
9,min_vely12,[],2019년 12월 27일,61
10,fresh.for.you,"['#프레쉬포유', '#과일', '#제철과일', '#수입과일', '#과일택배', '#과일가게', '#과일배송', '#과일맛집', '#프리미엄과일', '#과일정기배송', '#정기배송', '#맛있는과일', '#간식스타그램', '#아기간식', '#일상', '#과일배달', '#육아맘', '#육아그램', '#셀카스타그램', '#혼밥', '#파티음식', '#소통해요', '#집밥스타그램', '#여행스타그램', '#취미스타그램', '#파티', '#12월', '#크리스마스', '#연말', '#신혼스타그램']",2019년 12월 27일,2
11,ha_ringring,"['#여행에미치다', '#travel', '#travelphotography', '#travelholic', '#travelholic', '#여행에미치다', '#동유럽', '#travelpic', '#austria', '#salzburg', '#photo', '#christmas', '#dailyshot', '#daily', '#likeforlikes', '#instagood', '#like4likes', '#likeforfollow', '#여행스타그램', '#오스트리아', '#짤츠부르크', '#christmasmarket']",2019년 12월 27일,11
12,cucu_krtour,"['#캐나다', '#벤쿠버', '#로키산백', '#벤프', '#여행', '#여행스타그램', '#여행에미치다', '#인형', '#여행에미치다', '#인형스타그램', '#솜뭉치', '#솜뭉치스타그램', '#윤지성', '#윤지성인형', '#룽룽구리', '#핑구리', '#꼬꼬마', '#베비셩', '#doll', '#dollstagram', '#Canada', '#rockymountains', '#vancouver', '#Benff']",2019년 12월 27일,9
13,shanaaayy_,"['#데일리', '#데일리룩', '#인스타데일리', '#daily', '#dailylook', '#오오티디', '#좋아요', '#좋아요반사', '#맞팔', '#선팔', '#소통', '#인친', '#팔로우', '#l4l', '#셀피', '#셀카', '#셀스타그램', '#샌프란시스코', '#sanfrancisco', '#여행스타그램', '#여행에미치다']",2019년 12월 27일,68
14,mo.nan_,"['#depound', '#abib']",2019년 12월 27일,23
15,diver_ho,"['#부부스타그램', '#럽스타그램', '#해외여행', '#여행스타그램', '#몰디브', '#파래', '#바다여행', '#먹스타그램', '#하늘', '#푸른', '#바다', '#Freediving', '#Freediver', '#먹스타그램', '#술스타그램', '#날씨복', '#해쨍쨍', '#하늘', '#인친', '#소통', '#선팔', '#맞팔']",2019년 12월 27일,17
16,ma_baek_,"['#서울점심', '#아보카도', '#아보카도요리', '#아보카도김밥', '#이색김밥', '#김밥맛집', '#도시락', '#서울역맛집', '#서울역', '#ktx', '#동자동맛집', '#숙대맛집', '#숙대입구맛집', '#회현맛집', '#서울역카페', '#먹스타그램', '#맛스타그램', '#여행스타그램', '#기차여행', '#맛집추천', '#용산맛집', '#용산구맛집']",2019년 12월 27일,22
17,h__uuuuu,[],2019년 12월 27일,32
18,904._.01,"['#러시아', '#블라디보스토크', '#루스키섬']",2019년 12월 27일,68
19,easy_lji,"['#셀스타그램', '#셀카', '#셀피', '#selfie', '#여행스타그램', '#제주', '#힐링', '#휴가', '#daily', '#데일리', '#ootd', '#이스트포레스트', '#eastforest']",2019년 12월 27일,10
20,hu_jm2007,"['#동해바다', '#바다뷰', '#고성카페', '#카페투어']",2019년 12월 27일,49
21,what_your_secret_is,"['#48개월', '#파타야일상', '#파타야여행', '#파타야살기', '#파타야한달살기', '#여행같은일상', '#여행스타그램', '#해외육아', '#파타야', '#도치맘', '#5살']",2019년 12월 27일,16
22,minimi0710,"['#스테이새별앤오름', '#새별동', '#12월제주여행', '#제주겨울여행', '#제주가족펜션', '#제주신축펜션', '#제주감성펜션', '#애월독채펜션', '#애월가족펜션', '#애월신상펜션', '#애월예쁜펜션', '#새별오름', '#제주억새', '#제주핑크뮬리', '#곽지해변', '#한담해변', '#제주핫플', '#애월핫플', '#제주여행', '#여행스타그램']",2019년 12월 27일,17
23,lovely_haeul,['#가평'],2019년 12월 27일,13
24,thebitna_,['#잉거도자기박물관'],2019년 12월 25일,323
25,chani.s_fine,[],2019년 12월 27일,59
26,juno_1105,"['#travel', '#travelgram', '#landscape', '#snapshot', '#daily', '#l4l', '#f4f', '#ootd', '#follower', '#jeju', '#여행스타그램', '#여행에미치다', '#럽스타그램', '#오오티디', '#데일리', '#소통', '#맞팔', '#선팔', '#좋아요', '#댓글', '#세계여행', '#스냅', '#memories', '#추억', '#사진', '#likeforfollow', '#newzealand', '#jeju', '#제주', '#제주여행']",2019년 11월 26일,486
27,mind____y,"['#김해공항', '#김해공항국제선', '#미국', '#에어차이나', '#airchina', '#기내식', '#에어차이나기내식', '#신라대학생인난해외탐방간다', '#신난다', '#여행스타그램', '#usa']",2019년 12월 27일,6
28,dhdeod,"['#나홀로여행', '#시드니', '#오페라하우스', '#한여름의크리스마스', '#christmas', '#sydney', '#operahouse', '#호주여행', '#시드니여행', '#파란하늘은주작', '#셀피', '#여행스타그램']",2019년 12월 27일,26
29,haaaaaaring,"['#여보도', '#강원도', '#강원도여행', '#여행스타그램', '#속초', '#고성', '#애견동반여행', '#애견동반카페', '#속초애견동반', '#푸들', '#크림푸들', '#반려견', '#신혼일상']",2019년 12월 27일,23
30,h_suni___,"['#selfie', '#셀카', '#좋반', '#패션', '#travel', '#인친환영', '#먹스타그램', '#여자코디', '#데일리룩', '#선팔환영', '#스물두살', '#오오티디', '#패션', '#여행스타그램', '#dailylook', '#ootd', '#좋아요', '#좋아요반사', '#fashion', '#맞팔', '#instagood', '#outfit', '#남자친구', '#곰신', '#휴가', '#럽스타그램', '#데이트', '#곰신스타그램', '#맞좋튀']",2019년 12월 26일,58
31,mingyo_2.2,"['#좋아요반사', '#좋반', '#첫줄반사', '#아이폰', '#댓글소통', '#데일리', '#일상', '#맞팔', '#인친', '#협찬', '#문의', '#광안리', '#홍대', '#강남', '#패션', '#셀카', '#셀피', '#셀스타그램', '#얼스타그램', '#일상스타그램', '#여행스타그램', '#선팔하면맞팔', '#맞팔환영', '#fff', '#lfl', '#selfie', '#ootd', '#lifestyle', '#l4l', '#f4f']",2019년 12월 27일,41
32,luna_1124,"['#첫줄', '#방파인', '#왓마하탓', '#왓프라씨산펫', '#코끼리', '#태국', '#태국여행', '#방콕', '#방콕여행', '#아유타야', '#더워요', '#마지막날', '#여행끝', '#여행스타그램']",2019년 12월 27일,6
33,m.mjjjjjjj,"['#호이안', '#베트남', '#여행스타그램', '#베트남여행']",2019년 12월 27일,4
34,seony__,"['#daily', '#instadaily', '#dailylook', '#좋아요', '#소통', '#selfie', '#cafe', '#dessert', '#l4l', '#맞팔', '#선팔', '#instafood', '#커피스타그램', '#팔로우', '#인친', '#신상카페', '#카페추천', '#가오픈', '#가오픈카페', '#일상스타그램', '#온더테이블', '#먹스타그램', '#카페스타그램', '#카페투어', '#여행스타그램', '#여행']",2019년 12월 27일,13
35,yusseona,"['#제주여행', '#친구들', '#추억여행', '#수목원테마파크', '#얼음썰매', '#딸스타그램', '#딸바보', '#추억만들기', '#여행', '#어린이', '#여행스타그램', '#럽스타그램', '#럽', '#세젤귀', '#daily', '#fallow', '#cute', '#lovely', '#trip', '#jeju', '#happy', '#friends']",2019년 12월 27일,5
36,juuuudy__k,"['#vienna', '#travel', '#travelgram', '#belvederepalace', '#비엔나', '#세계여행', '#여행스타그램', '#벨베데레궁전']",2019년 12월 27일,2
37,record.___.b,"['#여행사진', '#여행에미치다', '#여행스타그램', '#감성사진', '#사진기록', '#여행기록', '#travel', '#travelphotography', '#traveler', '#voyaged', '#대만여행', '#대만', '#가오슝', '#가오슝여행', '#치진섬', '#무지개교회', '#kaohsiung', '#qijin', '#taiwan']",2019년 12월 27일,2
38,dariaprilous,"['#여행', '#일상', '#travel', '#여행스타그램', '#korea', '#데일리', '#소통', '#서울', '#daily', '#좋아요', '#맞팔', '#seoul', '#한국', '#셀카', '#셀스타그램', '#사진', '#부산', '#선팔', '#selfie', '#trip', '#셀피', '#팔로우', '#southkorea', '#먹스타그램', '#카페', '#여행에미치다', '#제주도', '#photography', '#ootd', '#instagood']",2019년 6월 5일,42
39,xhsiaowb,"['#전주', '#완주', '#전주여행', '#완주여행', '#여행', '#아원고택', '#차우차우', '#여행스타그램', '#평일오프', '#오프', '#오빠랑', '#데이트', '#드라이브', '#갤러리', '#아원고택카페', '#아원고택갤러리', '#맞팔', '#선팔', '#팔로우', '#하트', '#좋아요', '#데일리', '#일상']",2019년 12월 27일,12
40,w00ng_ss,['#성공적'],2019년 12월 25일,354
41,jiiiiiiiiiiiyoung,"['#호주여행', '#브리즈번', '#brisbanecity', '#엄마랑딸', '#호주', '#브리즈번여행', '#australia', '#brisbane', '#아이와여행', '#여행', '#여행스타그램', '#여행중', '#travelling', '#travel', '#travelwithkids', '#instatravel', '#육아소통', '#여행에미치다', '#노는게제일좋아', '#가족여행']",2019년 12월 27일,9
42,modetournetwork,"['#오직', '#모두의TMI', '#칠갑산', '#얼음분수축제', '#청평', '#얼음꽃축제', '#평창', '#송어축제', '#가평', '#오색별빛정원전']",2019년 12월 27일,25
43,with.lucy,['#영국찻집'],2019년 12월 27일,17
44,jutalkpia,"['#주널리스트', '#열정에기름붓기', '#스케쥴러']",2019년 12월 27일,149
45,whiteflower_lily,"['#시카고', '#시카고여행', '#chicagotravel', '#chicago']",2019년 12월 27일,36
46,seoulgem,"['#malaysia', '#vacationmode', '#penang', '#penangmalaysia', '#말레이시아', '#말레이시아여행', '#여행스타그램', '#여행', '#ig', '#georgetown', '#페낭', '#laksa', '#foodporn', '#음식', '#음식스타그램']",2019년 12월 27일,4
47,_ajbella,"['#hugo', '#cocktail', '#칵테일', '#호캉스', '#호텔', '#holiday', '#여행', '#여행스타그램', '#ferien', '#크리스마스', '#summer', '#daily', '#travelgram', '#instatravel', '#instadaily', '#데일리', '#인스타데일리', '#pool', '#palmtree', '#수영장', '#shangrila', '#edsashangrila', '#상그리아']",2019년 12월 27일,6
48,jihyun.o73o,"['#제주도', '#푸른밤', '#제주도여행', '#여행스타그램', '#동계훈련', '#주니어', '#축구', '#스토브리그', '#여행', '#겨울여행', '#겨울제주도']",2019년 12월 27일,14
49,choko__0,"['#부산', '#카페', '#일상', '#데일리', '#coffee', '#소통', '#좋아요', '#ootd', '#부산카페', '#서면', '#전포카페거리', '#스타벅스', '#신메뉴', '#여행스타그램', '#like4likes', '#follow4like', '#맞팔선팔환영', '#해운대', '#좋아요반사', '#좋반', '#팔로워', '#선팔', '#카페스타그램']",2019년 12월 27일,45
50,h._.hyejoo,"['#루미스파', '#뷰티크리에이터모집']",2019년 12월 27일,28
51,hanatourist,"['#산티아고', '#순례길', '#까미노데산티아고', '#부엔까미노']",2019년 12월 27일,8
52,ace_hoya,[],2019년 12월 27일,16
53,hannah_jjong2,"['#helsinki', '#finland', '#helsinkicity', '#helsinkipics', '#instatravel', '#europetravel', '#travelgram', '#northeurope', '#northeuropetrip', '#북유럽여행', '#유럽자유여행', '#여행스타그램', '#핀란드여행', '#헬싱키여행', '#헬싱키', '#suomenlinnafortress', '#suomenlinna', '#수오멘린나', '#수오멘린나요새']",2019년 12월 27일,31
54,ye_z_pilates,"['#블루모스크', '#코타키나발루', '#코타예디', '#여행', '#여행스타그램', '#여행에미치다', '#kotakinabalu']",2019년 12월 27일,35
55,yusseona,"['#신화월드', '#신화월드써머셋', '#제주여행', '#친구들', '#추억여행', '#파자마파티', '#아이들8명', '#딸스타그램', '#딸바보', '#추억만들기', '#여행', '#어린이', '#여행스타그램', '#럽스타그램', '#럽', '#세젤귀', '#daily', '#fallow', '#cute', '#lovely', '#trip', '#jeju', '#happy', '#friends']",2019년 12월 27일,9
56,ha_mi_chik_chik_sik_bbang,"['#오오티디', '#팔로우', '#일상', '#소통', '#일상스타그램', '#먹스타그램', '#패션', '#좋아요반사', '#아이폰', '#얼스타그램', '#해운대', '#한남동', '#홍대', '#광안리', '#팔로우', '#선팔', '#맞팔', '#인스타', '#셀피', '#셀카', '#신사동', '#선팔하면맞팔', '#이태원', '#동성로', '#서면', '#셀스타그램', '#여행스타그램', '#럽스타그램', '#맛집', '#데일리']",2019년 12월 26일,48
57,catwolrige,"['#카오슝', '#kaohsiung', '#takao', '#thebritishconsulateattakow', '#kaohsiung', '#다카오영국영사관', '#보얼예술특구', '#가오슝여행', '#l4l', '#f4f', '#travelgram', '#travel', '#taiwan', '#taiwantravel', '#오오티디', '#ootd', '#가족여행', '#보얼예술특구거리', '#여행에미치다', '#여행스타그램', '#대만여행']",2019년 12월 27일,6
58,xxbora_a,[],2019년 12월 27일,131
59,todayukrainepeaceful,"['#우크라이나', '#우크라이나여행', '#크이브', '#크이브여행', '#키예프', '#키예프여행', '#여행스타그램', '#여행스타그램', '#여행', '#디두흐', '#우크라이나크리스마스트리', '#르비브']",2019년 12월 27일,13
60,hanryangg__,"['#코타키나발루', '#디나완', '#현지화', '#패들보드', '#니모매니매니', '#일상', '#데일리', '#여행', '#여행스타그램', '#말레이시아', '#코타키나발루여행', '#호핑투어', '#에디가짱이다', '#스노클링']",2019년 12월 27일,23
61,flex.____.ph,"['#서울', '#이태원', '#패션', '#쇼핑', '#얼스타그램', '#한남동', '#데일리', '#셀스타그램', '#인테리어', '#맞팔', '#선팔', '#선팔하면맞팔', '#맞팔해요', '#셀카', '#셀피', '#럽스타그램', '#좋아요반사', '#운동스타그램', '#헬스타그램', '#여행스타그램', '#뷰티', '#인친', '#언팔싫어요', '#일상', '#소통', '#카페', '#한남동', '#likeforfollow']",2019년 12월 27일,17
62,humanpongs,"['#좋반', '#패션스타그램', '#여행스타그램', '#맞팔', '#술스타그램', '#먹스타그램', '#헬스타그램', '#셀카', '#오오티디', '#맞좋아요', '#좋아요반사', '#팔로우반사', '#선팔하면맞팔', '#팔로우미', '#협찬', '#followme', '#selfie', '#instagood', '#instadaily', '#instalike', '#instamood', '#동성로', '#가로수길', '#홍대', '#이태원', '#카페', '#뷰티스타그램', '#다렉']",2019년 12월 27일,19
63,l.jinsun,"['#시현', '#518일아기', '#16개월아기', '#두살아기', '#제주도여행', '#여행마지막날', '#뽀로로타요테마파크', '#뽀로로와함께', '#타요와함께', '#오늘하루행복한아가', '#여행스타그램', '#제주스타그램', '#베이비스타그램', '#아들스타그램', '#맘스타그램']",2019년 12월 27일,2
64,staynmore,"['#with', '#vacation', '#자유여행', '#해외호텔추천', '#해외여행', '#여행스타그램', '#여행중', '#여행감성', '#여행에미치다', '#좋아요', '#여행', '#여행사진', '#여행꿀팁', '#맛집추천', '#바다', '#하늘', '#여유', '#혼자여행', '#가족여행', '#신혼여행', '#여행지추천', '#여행그램', '#여행스냅', '#태교여행', '#배낭여행', '#travel', '#travelgram']",2019년 12월 27일,12
65,salapao_jaoh,"['#ChiangKhan', '#Loei', '#instatravel', '#travel', '#trip', '#travelThailand', '#travelphotography', '#solotravel', '#여행', '#여행스타그램', '#태국여행', '#셀카', '#셀스타그램', '#Salapaojaoh']",2019년 12월 27일,2
66,millyseo,[],2019년 12월 27일,18
67,yooonpic,"['#film', '#filmphotography', '#yeg', '#alberta', '#lightroom', '#35mm', '#ualberta', '#canada', '#noedit', '#fuji', '#filmisnotdead', '#igyeg', '#edmontonliving', '#yeggers', '#explorecanada', '#캐나다', '#여행스타그램', '#사진에미치다', '#사진에관하여', '#분위기', '#색감', '#감성', '#피드', '#자연', '#스냅사진', '#필름', '#필름스냅', '#필름사진']",2019년 12월 27일,11
68,eunyou_12,"['#제주', '#우도', '#cjun', '#태교', '#태교여행', '#jeju', '#제주스타그램', '#우도봉', '#udo', '#바람', '#바람의언덕', '#등산', '#30주', '#임산부', '#8개월', '#travel', '#여행', '#여행스타그램']",2019년 12월 27일,15
69,min_ieeee,[],2019년 12월 27일,75
70,sweetyoni,"['#미세먼지필터', '#아이폰야간모드', '#취향저격원피스', '#한시장', '#못찾음', '#없음', '#비슷한걸로삼', '#hoian', '#hoianoldtown', '#hoiantrip', '#hoianvietnam', '#vietnam', '#여행', '#가족여행', '#여행스타그램', '#여행에미치다', '#여행사진', '#여행사진작가', '#호이안여행', '#호이안', '#호이안올드타운']",2019년 12월 27일,7
71,twosun_nail,"['#겨드랑이왁싱', '#양산', '#증산', '#부산', '#광안리', '#해운대', '#여행스타그램', '#주말', '#반려견', '#패션', '#운동하는여자', '#왁싱', '#석산택지', '#속눈썹연장', '#양산네일샵', '#반영구', '#다이어트', '#네일디자인', '#석산네일샵', '#미용인', '#전신샷', '#얼스타그램', '#서면', '#젤네일', '#일상', '#육아소통', '#맛집', '#좋아요반사', '#선팔맞팔', '#daily']",2019년 12월 27일,13
72,rannnnn_e,[],2019년 12월 27일,49
73,momo_heehee,"['#여행', '#여행에미치다', '#여행스타그램', '#사진', '#사진스타그램', '#사진맛집', '#치앙마이', '#photography', '#photostagram', '#travel', '#travelgram', '#chiangmai', '#chiangmailife', '#thailand', '#thaifood']",2019년 12월 25일,32
74,cookingnmore,"['#le', '#라치몬드카페', '#라치몬드', '#larchmont', '#la여행', '#lalifestyle', '#organig', '#겨울방학여행', '#여행스타그램', '#일상', '#daily', '#미니팬케잌맛있당']",2019년 12월 27일,3
75,c.y_im,"['#겹겹의의도', '#제주', '#제주여행', '#서귀포', '#서귀포빵집', '#제주베이커리', '#제주맛집', '#올레시장맛집', '#빵순이', '#크로아상맛집', '#겹겹의앙버터', '#연말', '#일상', '#여행스타그램']",2019년 12월 27일,2
76,yhinnn,"['#시드니여행', '#왓슨스베이', '#하버브릿지', '#풍경이다했어', '#날씨너무좋다', '#감기가날라가네', '#추운곳에서따뜻한곳으로', '#여행스타그램', '#여행을즐기자']",2019년 12월 27일,9
77,gayeon_917,[],2019년 12월 27일,42
78,jkhlove18,"['#첫줄', '#유럽', '#동유럽', '#발칸', '#크로아티아', '#플리트비체', '#슬로베니아', '#플리트비체국립공원', '#폭포', '#에메랄드', '#빛깔', '#영화', '#아바타모티브', '#날씨', '#끝장남', '#여행', '#여행스타그램', '#힐링', '#힐링여행']",2019년 12월 27일,20
79,j.iahn,"['#skyview', '#incheon', '#christmas']",2019년 12월 27일,15
80,sunny_susana,"['#mexico', '#sinaloa', '#elquelite', '#adios2019', '#travel', '#멕시코', '#여행스타그램', '#시날로아']",2019년 12월 27일,35
81,travelholic_kwon,"['#스페인', '#론다', '#londa', '#스페인여행', '#론다여행', '#spain', '#여행중독자', '#여행중독', '#여행에미치다', '#여행스타그램', '#travelholic', '#travel', '#traveler', '#여행', '#일상']",2019년 12월 27일,11
82,roongskitchen,[],2019년 12월 27일,34
83,zixnee,[],2019년 12월 27일,75
84,_____9.14,"['#언니생각해주는건너네들뿐이네', '#흔한제주도아파트입구', '#할많하않']",2019년 12월 27일,17
85,adella_hyeonu_1224,"['#vietnam', '#vietnamtravel', '#travel', '#vietnam']",2019년 12월 27일,17
86,lalala_y_708,"['#보말전', '#한림칼국수', '#보말칼국수', '#보말', '#제주도맛집', '#제주도', '#제주도여행', '#한림맛집', '#맛집추천', '#먹방', '#먹부림여행', '#보말매니아', '#칼국수', '#보말전존맛탱', '#존맛탱', '#여행', '#여행스타그램', '#여행첫날', '#맞팔', '#선팔맞팔', '#jeju', '#localfood', '#foodporn', '#koreanfood', '#hallim', '#recommend', '#travel', '#yearend']",2019년 12월 27일,4
87,uyj.210,[],2019년 12월 27일,8
88,vinvin.le,"['#selfie', '#daily', '#ootd', '#l4l', '#travel', '#kbeauty', '#vietnam', '#fashion', '#vsco', '#dailylook', '#instagood', '#베트남', '#여행스타그램', '#여행에미치다', '#여행', '#하노이', '#일상', '#데일리', '#오오티디', '#선팔', '#맞팔', '#좋반', '#좋아요반사', '#여대생']",2019년 12월 27일,198
89,hannieljjang,"['#사이판여행', '#여행스타그램', '#신혼부부', '#첫크리스마스여행', '#인친', '#소통', '#맞팔', '#카노아리조트', '#사이판', '#사이판섬', '#커플', '#별빛투어', '#만세절벽', '#새섬전망대', '#북부투어', '#그루토동굴', '#그루토스노쿨링', '#atv', '#마나가하섬', '#마나가하섬']",2019년 12월 27일,5
90,ryan__study,"['#여행', '#여행스타그램', '#일상', '#데일리', '#daily', '#오오티디', '#ootd', '#직장인', '#직딩', '#퇴근', '#휴가', '#자유', '#출근', '#불금', '#금요일', '#토요일', '#주말', '#여유']",2019년 12월 27일,15
91,iminmin2,"['#커피사러갔다가', '#흥많은아이', '#어디서든춤', '#귀요미들', '#너희주스는없음', '#아이스아메리카노', '#육아일상', '#일상', '#데일리', '#육아', '#독박육아', '#오오티디', '#선팔맞팔', '#자매맘', '#육아맘', '#대구맘', '#대구스타그램', '#자매스타그램', '#육아스타그램', '#일상스타그램', '#가족스타그램', '#여행스타그램', '#애스타그램', '#맛집스타그램', '#키즈스타그램', '#럽스타그램']",2019년 12월 27일,8
92,jotaeng_,"['#여행중', '#국내여행추천', '#국내여행지', '#국내여행어디까지가봤니', '#여행스타그램', '#대구', '#대구카페', '#대구여행', '#대구핫플', '#대구맛집', '#대구동성로', '#대구데이트']",2019년 12월 27일,8
93,luv_huii,[],2019년 12월 27일,19
94,yoona._____,['#속초여행'],2019년 12월 27일,38
95,chxove_ys,"['#코타키나발루', '#여행스타그램', '#셀피', '#셀카', '#얼스타그램', '#데일리룩', '#데일리', '#일상', '#여행', '#셀스타그램', '#셀스타', '#소통', '#맞팔', '#선팔', '#좋아요', '#kotakinabalu', '#daily', '#dailylook', '#travel', '#mood', '#selfie', '#selca', '#selstagram', '#fff', '#lfl', '#instagood', '#instadaily']",2019년 12월 27일,13
96,h_hna_,"['#남포', '#서면', '#패션', '#쇼핑', '#술스타그램', '#한남동', '#디뮤지엄', '#데일리', '#홈데코', '#인테리어', '#맞팔환영', '#선팔하면맞팔', '#뷰티', '#헬스타그램', '#먹스타', '#운동스타그램', '#여행스타그램', '#카페', '#인친', '#일상', '#소통', '#맞팔', '#선팔', '#얼스타그램', '#좋아요반사', '#셀카', '#셀피', '#셀스타그램', '#럽스타그램', '#like4like']",2019년 12월 27일,88
97,_pit_a_pat__91,[],2019년 12월 27일,15
98,mh3894,"['#사진', '#사진스타그램', '#여행', '#여행스타그램', '#유럽', '#유럽스타그램', '#프랑스', '#파리', '#크리스마스', '#에펠탑', '#에펠탑', '#소니', '#a7m2', '#sony', '#sonya7ii', '#travel', '#travelphotography', '#travelgram', '#photo', '#photography', '#photostagram', '#daily']",2019년 12월 27일,38
99,orrcafe_jiyeon,[],2019년 12월 26일,92
100,pureperfume0,"['#겐트의종루', '#Gent', '#크리스마스마켓', '#het', '#유럽여행', '#벨기에', '#브뤼셀여행', '#브뤼헤여행', '#겐트여행', '#벨기에', '#브뤼셀', '#브뤼헤', '#겐트', '#여행스타그램', '#여행에미치다', '#소통해요', '#선팔환영', '#맞팔환영', '#선팔맞팔', '#선팔하면맞팔', '#언팔은차단', '#언팔은언팔', '#광고사절']",2019년 12월 27일,22
101,p.heemxx,[],2019년 12월 27일,29
102,rumielo_92,[],2019년 12월 27일,34
103,jina.forest,[],2019년 12월 27일,95
104,baebae1985,"['#박이안일상', '#김대중컨벤션센터', '#클라비', '#이안이네', '#광주', '#광주여행', '#여행', '#여행스타그램', '#박이안', '#이안블리', '#마이이안퐉', '#1일1박이안', '#애스타그램', '#아들', '#아들스타그램', '#육아', '#육아스타그람']",2019년 12월 27일,16
105,sun_________ek,"['#daily', '#instagram', '#travel', '#강릉여행', '#여행스타그램']",2019년 12월 27일,7
106,aa_hyunne,[],2019년 12월 27일,46
107,seok__2__,"['#대전', '#제주도', '#우도', '#여행', '#행복', '#여행스타그램', '#또가고싶다', '#공항', '#청주공항', '#제주공항', '#언젠간', '#다시한번', '#놀러가자']",2019년 12월 27일,3
108,solhomue,"['#먹방', '#먹스타그램', '#먹스타', '#맛스타그램', '#카페', '#instafood', '#여행스타그램', '#여행', '#여행후기', '#여행기록', '#소통', '#소통스타그램', '#팔로우', '#맞팔해요', '#팔로미', '#맞팔환영', '#맞팔선팔', '#소통해요', '#선팔맞팔', '#선팔로우', '#인스타그램', '#fff', '#f4f', '#메가커피']",2019년 12월 27일,10
109,94_mingyu,"['#펜션', '#나들이', '#성공적', '#셀카', '#셀피', '#셀카그램', '#여행', '#여행스타그램', '#일상소통', '#팔로우', '#선팔맞팔', '#좋아요', '#좋아요반사', '#인친환영']",2019년 12월 27일,19
110,littletiga,"['#호루스', '#이집트', '#에드푸신전', '#에드푸', '#여행스타그램', '#travel', '#edfu', '#templeofedfu', '#horus', '#travelgram', '#selfie', '#이집트여행']",2019년 12월 27일,4
111,__minkko,"['#다이어터', '#다이어트', '#다이어트식단', '#도시락', '#일상', '#최애', '#운동', '#맞팔', '#선팔', '#눈바디', '#화이팅', '#힐링', '#홍차', '#스콘', '#스콘맛집', '#햇살맛집', '#카페투어', '#티타임', '#대부도', '#겨울', '#여행스타그램', '#향수', '#면세점', '#불금', '#금요일', '#칼퇴', '#보홀', '#팡라오', '#알로나비치', '#태풍']",2019년 12월 27일,19
112,serihair_bky2,"['#인천미용실', '#부평미용실', '#컷트하면서', '#변신은무죄', '#여행스타그램', '#파티', '#미용스타그램', '#복구염색']",2019년 12월 27일,8
113,2000solid,"['#아울렛', '#outlet', '#롯데아울렛', '#icheon', '#솔리드옴므', '#solidhomme', '#solidhomme2000', '#이천', '#mensfashion', '#2000solid', '#wym', '#하객룩', '#데이트룩', '#인생샷', '#리조트', '#여행', '#호텔', '#패션', '#공항패션', '#여행룩', '#여행스타그램', '#어메니티', '#커플', '#연인', '#셀카', '#얼스타그램', '#셀기꾼', '#셀카그램', '#셀스타그램', '#오오티디']",2019년 12월 27일,4
114,2_jinvely,"['#대만', '#여행', '#대만여행', '#혼자', '#혼자여행', '#홀로서기', '#여행에미치다', '#여행스타그램', '#가오슝', '#맞팔', '#선팔', '#일상', '#데일리', '#댓글', '#소통', '#좋아요', '#fff', '#selfie', '#selca', '#셀스타그램', '#대학생', '#22', '#종강', '#겨울방학', '#전기오토바이', '#스쿠터']",2019년 12월 27일,17
115,yean_do_ling,[],2019년 12월 27일,20
116,geunuko,"['#강원도', '#강릉', '#강릉여행', '#강문해변', '#안목해변', '#순두부젤라또', '#강릉중앙시장', '#아이스크림호떡', '#여행', '#여행스타그램', '#바다']",2019년 12월 27일,4
117,nini_mi09,"['#광주송정1913시장', '#영명국밥', '#먹스타그램', '#광주송정역', '#엄마랑', '#여행스타그램', '#갱소년', '#양갱냠냠']",2019년 12월 27일,5
118,h_heather_p,"['#newyork', '#metropolitanmuseumofart', '#met', '#travel', '#selfie', '#셀스타그램', '#뉴욕', '#여행', '#여행스타그램', '#셀피', '#눈이랑', '#입', '#둘다', '#안웃음', '#십리', '#넘게', '#걷다가', '#발병', '#났어요']",2019년 12월 27일,9
119,dal.glory,"['#여행', '#갑자기떠나기', '#대관령삼양목장', '#눈오는날', '#걸어서', '#여행스타그램', '#여행지추천', '#겨울여행', '#삼양목장', '#눈오는날', '#동해전망대', '#바람의언덕']",2019년 12월 27일,13
120,blanche_lunes,"['#여행', '#여행스타그램', '#제주도', '#제주도카페', '#새빌카페', '#일상', '#daily', '#데일리', '#데일리룩', '#ootd', '#likeforfollow', '#f4f', '#팔로우', '#선팔', '#모던룩', '#코스', '#cosstores', '#좋아요']",2019년 12월 27일,19
121,s_e_o__1.1,"['#일상', '#맞팔', '#선팔', '#맞팔선팔', '#선팔하면맞팔', '#좋반', '#좋아요반사', '#소통', '#소통해요', '#셀카', '#셀피', '#팔로우', '#팔로우미', '#사진', '#인친', '#오오티디', '#데일리', '#육아', '#맛집', '#인스타그램', '#얼스타그램', '#셀스타그램', '#여행스타그램', '#뷰티스타그램', '#instagram', '#instagood', '#like4like', '#likeforlike', '#ootd', '#selfie']",2019년 12월 27일,21
122,blanc_sue_,"['#태교여행중', '#24w', '#비치로드', '#루프탑수영장', '#인피니티풀', '#임산부일상']",2019년 12월 27일,10
123,5minshoo,"['#부다페스트', '#유럽여행', '#헝가리', '#여행스타그램', '#프로여행러', '#야경', '#신혼여행아님']",2019년 12월 27일,15
124,_miki_1020,"['#카페스타그램', '#카페', '#맛스타그램', '#음스타그램', '#먹스타그램', '#셀스타그램', '#얼스타그램', '#데일리록', '#오오티디', '#멋스타그램', '#여행스타그램', '#여행', '#cafe', '#travel', '#instagood', '#instadiary', '#instalike', '#instalove', '#instafollow', '#instapic', '#ootd']",2019년 12월 26일,169
125,museguesthouse,['#제주바다다'],2019년 12월 27일,4
126,n__jjung,"['#럽스타그램', '#쩡렬이', '#쩡렬커플']",2019년 12월 27일,48
127,younju_lee_,"['#lovejun', '#friends', '#lovejun9', '#세젤귀', '#사랑해', '#아들맘', '#육아맘', '#형제맘', '#아들맘', '#가족여행', '#속초여행', '#겨울방학', '#겨울여행', '#어주코다리찜', '#동명항생선숯불구이', '#형제닭집', '#속초맛집', '#맛스타그램', '#먹스타그램', '#애스타그램', '#아들스타그램', '#육아스타그램', '#여행스타그램']",2019년 12월 27일,8
128,s_h_luv_s2,[],2019년 12월 27일,27
129,hyoseok_yang,[],2019년 12월 27일,165
130,clarestpriskila,"['#행복', '#오랜만', '#방탄소년단', '#덕질', '#서울', '#서울여행', '#여행스타그램', '#btspopupstore', '#popupstore', '#bts', '#happy', '#narcism', '#fangirl', '#army', '#seoul', '#travel', '#like', '#latepost', '#daily']",2019년 12월 27일,50
131,dariaprilous,"['#여행', '#일상', '#travel', '#여행스타그램', '#korea', '#데일리', '#소통', '#서울', '#daily', '#좋아요', '#맞팔', '#seoul', '#한국', '#셀카', '#셀스타그램', '#사진', '#부산', '#선팔', '#selfie', '#trip', '#셀피', '#팔로우', '#southkorea', '#먹스타그램', '#카페', '#여행에미치다', '#제주도', '#photography', '#ootd', '#instagood']",2019년 6월 5일,40
132,ggo9.2,[],2019년 12월 27일,50
133,jaytravelpic,"['#여행스타그램', '#여행에미치다', '#체크인유럽', '#유디니', '#영국', '#영국여행', '#런던', '#피카딜리서커스']",2019년 12월 27일,6
134,caerin1006,"['#캐나다', '#밴쿠버', '#여행', '#여행스타그램']",2019년 12월 27일,29
135,boleh__boleh,[],2019년 12월 27일,5
136,2.yumi_x.x7,"['#zhejiang', '#yiwu', '#셀카', '#셀카그램', '#셀스타그램', '#얼스타그램', '#셀피', '#sel', '#selfie', '#selca', '#셀기꾼', '#일상', '#ootd', '#예쁘다그램', '#운동하는여자', '#일상', '#일상스타그램', '#여행스타그램', '#여행에미치다', '#여행', '#중국여행', '#중국', '#china', '#travel', '#travelr', '#yiwu', '#저장성']",2019년 12월 27일,18
137,kky.p3_,[],2019년 12월 27일,18
138,hwangdongmin61,"['#첫줄', '#첫줄좋반', '#첫줄반사', '#최근게시글', '#선팔', '#일상', '#모델', '#데일리', '#첫줄좋아요', '#직딩', '#감성', '#직장인', '#맛집', '#연예인', '#예술가', '#사진가', '#좋반', '#여행스타그램', '#셀스타그램', '#갬성', '#일상스타그램', '#좋아요테러', '#instagram', '#usa', '#japan', '#china']",2019년 12월 27일,12
139,do_hyun_park_,"['#거지', '#배고파', '#불우이웃돕기', '#불쌍한척', '#추나요법', '#철인3종경기', '#해부학', '#마케팅', '#트레이닝', '#영양학', '#운동법', '#근막이완', '#바디프로필', '#다이어트', '#필라테스', '#요가', '#운동하는남자', '#여행스타그램', '#다이어트', '#힐링', '#퍼스널트레이너', '#여행', '#행복', '#낚시', '#사랑', '#운동하는여자', '#발레', '#pt문의', '#트라이애슬론', '#발레']",2019년 12월 27일,10
140,zzunszzin_,"['#말띠', '#휴가중', '#제주2일차', '#산방산', '#협재', '#제주도유채꽃', '#제주도', '#jejudo', '#제주살이', '#9번째제주', '#또주도', '#직장인', '#겨울여행', '#여행스타그램', '#셀카그램', '#selca']",2019년 12월 27일,2
141,iam_jejey,"['#게티센터', '#gettycenter', '#미서부여행', '#캘리포니아여행', '#la', '#여행스타그램', '#부자되세요', '#나도', '#너도', '#2020년엔모두']",2019년 12월 27일,6
142,jejuglasscastle,"['#유리의성', '#제주유리의성', '#야간개장', '#겨울야간', '#야간관광지', '#별빛축제', '#제주관광지', '#제주여행', '#제주도여행', '#오설록', '#에코랜드', '#데일리', '#일상', '#맞팔', '#항공우주박물관', '#신화월드', '#가족스타그램', '#가족여행', '#여행스타그램', '#제주맛집', '#제주도가볼만한곳', '#제주핫플레이스', '#유리공예체험', '#곶자왈', '#여행에미치다', '#여행', '#travel', '#제주스타그램', '#체험학습', '#동백꽃']",2019년 12월 27일,6
143,j.h_9511,"['#선팔', '#맞팔', '#좋아요', '#좋아요반사', '#선팔하면맞팔', '#팔로우', '#팔로우미', '#맞팔해주세요', '#팔로우반사', '#여행', '#여행스타그램', '#맞팔환영', '#프로필사진', '#경치', '#풍경', '#풍경스타그램']",2019년 12월 27일,516
144,djawjd3,"['#부자지간', '#아빠랑아들', '#아빠랑아들커플룩', '#존예', '#패션코디', '#패션센스', '#여행', '#겨울여행', '#경주여행', '#가족여행', '#럽스타그램', '#여행스타그램', '#일상', '#소통']",2019년 12월 27일,14
145,hyoseok_yang,[],2019년 12월 27일,198
146,yoon_abc,"['#셀스타그램', '#얼스타그램', '#셀피', '#selfie', '#selca', '#셀기꾼', '#오늘아님', '#셀카', '#여행스타그램', '#해외여행', '#여행', '#guam', '#괌스타그램', '#여행에미치다', '#travel', '#괌여행', '#늦은휴가', '#아웃리거호텔', '#넘겨보기', '#두짓타니호텔', '#로비', '#소통', '#일상', '#남는건사진뿐', '#데일리', '#오오티디', '#ootd', '#daily', '#note9', '#instarsize']",2019년 12월 27일,11
147,johehyun,"['#hi', '#sydney', '#sydneylocal', '#시드니', '#시드니여행', '#여행', '#여행스타그램', '#여행에미치다', '#meritonsuites']",2019년 12월 27일,25
148,nail_re.born,"['#네일리본', '#개금네일', '#네일아트', '#이달의아트', '#이달의네일', '#크리스마스', '#벌써끝남', '#연말', '#크리스마스네일', '#여행네일', '#여행스타그램', '#네일샵', '#프라이빗', '#꼼꼼한네일샵', '#뷰티스타그램', '#관리하는여자', '#네일스타그램', '#광양여행', '#데일리', '#일상스타그램', '#주례네일', '#선팔하면맞팔', '#맞팔', '#좋아요반사', '#첫줄반사', '#겨울네일', '#역시는역시', '#vㅔ리']",2019년 12월 27일,18
149,iruirujeiru,"['#일본', '#일본여행', '#japan', '#사가', '#사가현', '#가라쓰', '#가베', '#요부코', '#요부코대교', '#대한해협', '#바다스타그램', '#여행스타그램']",2019년 12월 27일,24
150,jymickeydi,"['#cantontower', '#광저우', '#cantonese', '#여행', '#여행스타그램', '#travel', '#travelgram', '#instadaily', '#일하러간다', '#출근', '#치킨', '#롸버트치킨', '#롸버트치킨강남1호기', '#startuplife', '#startuphustle']",2019년 12월 27일,20
151,cheachea94,"['#달성공원', '#동성로', '#의정부', '#크리스마스이브', '#대구앞산', '#앞산케이블카', '#대구야경', '#대구앞산전망대', '#여자혼자여행', '#여자혼자국내여행', '#데일리', '#맞팔', '#선팔', '#언팔차단', '#daily', '#today', '#trip', '#tripstagram', '#여행', '#여행스타그램', '#대구', '#대구여행', '#대구', '#대구여행지', '#191224']",2019년 12월 27일,4
152,hyewon__n,"['#travel', '#travelgram', '#travellife', '#traveling', '#travelholic', '#food', '#foodie', '#cafe', '#coffee', '#instapic', '#korea', '#malaysia', '#kualalumpur', '#여행', '#여행에미치다', '#여미', '#여행스타그램', '#여행기록', '#여행그램', '#해외여행', '#말레이시아', '#쿠알라룸푸르', '#맛집', '#카페', '#먹스타그램', '#맛스타그램', '#온더테이블']",2019년 12월 27일,23
153,vankith_simpson,"['#팔로우', '#셀카', '#셀피그램', '#여행스타그램', '#코디', '#오오티디', '#옷', '#옷스타그램', '#코디', '#army']",2019년 12월 27일,37
154,insight.co.kr_travel,[],2019년 12월 27일,321
155,miniming_us,"['#하노이야시장', '#여행기록', '#여행스타그램', '#야시장', '#회오리감자', '#하노이']",2019년 12월 27일,9
156,92golfer,"['#케이프타운', '#케이프타운여행', '#여행', '#여행스타그램', '#비행', '#공항', '#남아프리카공화국', '#southafrica', '#일상', '#일상소통', '#인스타그램', '#일상스타그램']",2019년 12월 27일,8
157,jinny.yangg,"['#크리스마스', '#뉴햄프셔', '#newhampshire', '#christmas', '#2019', '#여행', '#여행스타그램', '#신혼', '#새댁', '#새댁소통', '#미국생활', '#미국일상', '#일상', '#데일리', '#셀스타그램', '#데일리', '#ootd', '#선팔하면맞팔', '#팔로우미', '#셀카', '#셀피', '#selfie', '#셀카그램', '#거울셀카', '#오오티디', '#데일리룩', '#데일리코디', '#instagood', '#selca', '#instagram', '#goodtimes']",2019년 12월 27일,56
158,zzang0220,"['#제주', '#이름모를꽃', '#제주도', '#여행', '#여행스타그램', '#꽃', '#우정여행', '#배우', '#풀', '#하늘', '#파란색', '#jeju', '#jejuisland']",2019년 12월 27일,105
159,sarah.da__,"['#크리스마스', '#강릉', '#세인트존스호텔', '#강릉여행', '#신혼부부', '#부부', '#럽스타그램', '#여행스타그램', '#셀스타', '#얼스타', '#selca', '#selfie', '#ootd', '#daily']",2019년 12월 27일,13
160,jejulovea,"['#유리의성', '#제주유리의성', '#야간개장', '#겨울야간', '#야간관광지', '#별빛축제', '#제주관광지', '#제주여행', '#제주도여행', '#오설록', '#에코랜드', '#데일리', '#일상', '#맞팔', '#항공우주박물관', '#신화월드', '#가족스타그램', '#가족여행', '#여행스타그램', '#제주맛집', '#제주도가볼만한곳', '#제주핫플레이스', '#유리공예체험', '#곶자왈', '#여행에미치다', '#여행', '#travel', '#제주스타그램', '#체험학습', '#동백꽃']",2019년 12월 27일,9
161,tmmygrm,"['#basquiat', '#소원성취', '#LA', '#Losangeles', '#여행', '#여행스타그램', '#여행기록', '#혼자여행', '#travel', '#travelstagram', '#thebroadmuseum', '#basquiatart', '#jeanmichelbasquiat', '#일상', '#소통', '#맞팔', '#선팔', '#f4f']",2019년 12월 27일,8
162,21_queen_167_,"['#럽스타그램', '#셀스타그램', '#술스타그램', '#여행스타그램', '#카페스타그램', '#헬스타그램', '#운동스타그램', '#얼스타그램', '#서면', '#가로수길', '#광안리', '#해운대', '#남포동', '#홍대', '#패션', '#쇼핑', '#셀카', '#셀피', '#데일리', '#이태원', '#디뮤지엄', '#홈데코', '#인테리어', '#맛집', '#카페', '#인친', '#소통', '#맞팔', '#선팔', '#좋아요반사']",2019년 12월 26일,42
163,jennyjiyoon1,"['#nightview', '#캐나다', '#토론토', '#여행', '#여행스타그램', '#canada', '#toronto', '#canada', '#torontolife', '#happy', '#holiday', '#travel', '#travelstagram', '#cityhall', '#torontocityhall', '#nightphotography']",2019년 12월 27일,12
164,leeyebb.jpg,[],2019년 12월 27일,9
165,likejinseo,"['#귀여워', '#30개월아기', '#속초', '#겨울바다', '#육아', '#육아스타그램', '#여행', '#여행스타그램', '#속초여행', '#연말']",2019년 12월 27일,11
166,sungchan_o,"['#canada', '#vancouver', '#일본불매운동', '#catholic', '#boxingday', '#capilanopark', '#육아소통', '#아이스타그램', '#먹스타그램', '#키즈스타그램', '#미세먼지', '#원숭이띠아기', '#여행스타그램', '#baby', '#어린이집', '#일상스타그램', '#아빠스타그램', '#베이비스타그램', '#육아스타그램', '#아들스타그램', '#맘스타그램', '#airbnb', '#유럽여행', '#국내여행', '#tourist', '#육아', '#tourism']",2019년 12월 27일,19
167,hi.optimus,"['#데일리', '#일상', '#소통', '#팔로우', '#데일리룩', '#오오티디', '#옷스타그램', '#패션', '#패션스타그램', '#좋아요반사', '#일본', '#오사카', '#한국', '#서울', '#여행', '#여행스타그램', '#카페', '#카페투어', '#카페스타그램', '#셀카', '#셀피', '#셀스타그램', '#소확행']",2019년 12월 27일,13
168,_hj__97,"['#여행을떠나요', '#여행스타그램', '#유럽', '#동유럽', '#day1', '#체코', '#Czech', '#프라하', '#Prague', '#12월26일', '#크리스마스마켓', '#트리', '#반짝반짝']",2019년 12월 27일,8
169,dear.z1n,[],2019년 12월 26일,125
170,kimminjida,"['#살빼자', '#셀카', '#어플의힘', '#셀기꾼', '#다이어트', '#해야지', '#셀피', '#다낭', '#다낭여행', '#여행', '#여행스타그램', '#여행에미치다', '#travel', '#danang', '#vietnam', '#베트남', '#베트남여행', '#다낭여행', '#발마사지', '#전신마사지', '#아로마마사지', '#핫스톤마사지', '#타이마사지', '#픽업왕복', '#드랍서비스', '#다낭공항샌딩', '#짐보관서비스', '#베이비시터', '#팬스파', '#마사지잘하는곳', '#fanspa']",2019년 12월 27일,47
171,sang_woolala,[],2019년 12월 27일,23
172,donge0503,"['#뜨끈뜨끈', '#온천', '#수족냉증러', '#온천여행', '#노천탕', '#따뜻', '#힐링', '#잠들뻔', '#문경', '#여행', '#행복해', '#여행스타그램', '#럽스타그램']",2019년 12월 27일,19
173,sazinbuuuza,"['#핫플레이스', '#핫플', '#제주스냅', '#벨로인더로맨틱', '#카페스냅', '#일반인모델', '#남자모델', '#인물사진', '#portraits', '#거울샷', '#jeju', '#jejuisland', '#여행스냅', '#남자코디', '#ootd', '#오오티디', '#여행스타그램', '#사진스타그램', '#전신샷', '#인생샷', '#얼스타그램']",2019년 12월 27일,32
174,jungkyu_91_,"['#단양여행', '#단양', '#도담삼봉', '#만천하스카이워크', '#여행스타그램']",2019년 12월 27일,18
175,_jeuuy,[],2019년 12월 27일,19
176,sayflora_jin,"['#20191226', '#저녁', '#싱가포르', '#singapore', '#해외여행', '#와규스테이크', '#이름기억안남', '#인생파스타', '#blacktea', '#디저트', '#마카롱', '#먹스타그램', '#여행스타그램', '#travelstagram', '#foodstagram']",2019년 12월 27일,28
177,_habin2,[],2019년 12월 27일,50
178,yullyri,"['#마카오여행', '#끝', '#여행마지막날', '#여행스타그램', '#룸서비스', '#에펠탑뷰', '#에펠뷰숙소', '#마카오호텔', '#데일리', '#일상', '#소통', '#굿모닝', '#피자']",2019년 12월 27일,9
179,h.jung_hoho,"['#휴애리', '#제주도여행', '#제주', '#동백꽃', '#먹스타', '#셀카', '#셀피', '#럽스타', '#selca', '#selfie', '#daily', '#데일리', '#데일리룩', '#일상', '#하루', '#직장인', '#워킹맘', '#소통', '#인친', '#소확행', '#좋아요', '#인스타그램', '#가족여행', '#먹방', '#여행스타그램', '#홈스타그램', '#럽스타그램', '#여행', '#travel']",2019년 12월 27일,25
180,cheongchun_geha,"['#청춘게스트하우스', '#청춘파티', '#제주도게스트하우스', '#제주도게스트하우스파티', '#서귀포게스트하우스', '#중문게스트하우스', '#중문관광단지', '#중문색달해변', '#제주도클럽', '#클럽파티', '#파티스타그램', '#제주도맛집', '#여행에미치다', '#여행스타그램', '#중문맛집', '#제주도핫플', '#패션', '#선팔맞팔', '#인친해요', '#맞팔가요', '#제주도여행', '#제주도', '#제주도가볼만한곳', '#헬스타그램', '#헬스앤뷰티']",2019년 12월 27일,5
181,eat.rabbit,"['#food', '#foodie', '#foodporn', '#foodphotography', '#foodstagram', '#cooking', '#daily', '#korea', '#japan', '#trip', '#cafe', '#먹방', '#먹스타그램', '#먹방스타그램', '#요리', '#요리스타그램', '#데일리', '#인스타그램', '#럽스타그램', '#여행', '#여행스타그램', '#카페', '#카페스타그램', '#japanesefood', '#seafood']",2019년 12월 27일,11
182,psedee,"['#은행', '#셀카', '#셀', '#얼스타그램', '#셀피', '#selfie', '#ootd', '#훈남', '#운동', '#헬스스타그램', '#강남', '#신불당동', '#부산', '#대구', '#동성로', '#광안리', '#해운대', '#럽스타그램', '#럽', '#데이트', '#오오티디', '#여행스타그램', '#맞팔', '#홍대', '#신촌', '#술스타그램', '#먹스타그램', '#인계동', '#광주']",2019년 12월 27일,25
183,jj1won2,[],2019년 12월 27일,48
184,named_hyunsoo,"['#이태원메이드엠디', '#이태원메이드게스트', '#소통', '#이태원메이드예약', '#로컬', '#선팔', '#맞팔', '#팔로우', '#옥타곤', '#좋아요', '#페이스', '#선팔하면맞팔', '#플렉스', '#댓글', '#패션', '#이태원메이드테이블', '#얼스타그램', '#이태원', '#홍대', '#강남', '#여행스타그램', '#소통해요', '#인스타그램', '#이태원메이드']",2019년 12월 27일,2
185,bo.ramie_,['#제주도귤'],2019년 12월 27일,19
186,apayo87,"['#아빠', '#엄마', '#아들', '#스마일', '#일기', '#웃음', '#행복스타그램', '#아들스타그램', '#제주부부', '#데일리', '#커플', '#베이비스타그램', '#제주맘', '#서귀맘', '#제주파파', '#instagram', '#제주스타그램', '#촬영', '#스냅', '#제주도', '#럽스타그램', '#셀스타그램', '#육아스타그램', '#소통', '#육아', '#일상', '#일상스타그램', '#여행스타그램']",2019년 12월 27일,16
187,youjin93.ki,"['#인천공항', '#출국전', '#유럽', '#체코', '#프라하', '#여행스타그램', '#친구스타그램', '#취해서그러는거아니야', '#너랑가서좋아']",2019년 12월 27일,18
188,babygalbi,"['#우정여행', '#국내여행', '#제주여행', '#제주맛집추천', '#서귀포맛집추천', '#서귀포맛집', '#제주맛집여행', '#제주도맛집베스트', '#제주맛집', '#오설록', '#신화월드', '#영어교육도시', '#제주도민', '#제주', '#제주도', '#제주살이', '#제주도여행', '#여행', '#여행스타그램', '#일상', '#데일리', '#서귀포', '#감성', '#팔로우', '#소통', '#데일리픽', '#치킨', '#스테이크', '#정식']",2019년 12월 27일,3
189,honeybs10,"['#막내그램', '#셋째딸', '#여행스타그램', '#미국여행', '#호텔투어', '#오늘', '#코스모폴리탄호텔', '#체크아웃']",2019년 12월 27일,7
190,cxx_ryn_film,[],2019년 12월 27일,10
191,dariaprilous,"['#여행', '#일상', '#travel', '#여행스타그램', '#korea', '#데일리', '#소통', '#서울', '#daily', '#좋아요', '#맞팔', '#seoul', '#한국', '#셀카', '#셀스타그램', '#사진', '#부산', '#선팔', '#selfie', '#trip', '#셀피', '#팔로우', '#southkorea', '#먹스타그램', '#카페', '#여행에미치다', '#제주도', '#photography', '#ootd', '#instagood']",2019년 6월 5일,39
192,choko__0,"['#부산', '#카페', '#일상', '#데일리', '#coffee', '#소통', '#좋아요', '#ootd', '#부산카페', '#서면', '#전포카페거리', '#스타벅스', '#신메뉴', '#여행스타그램', '#like4likes', '#follow4like', '#맞팔선팔환영', '#해운대', '#좋아요반사', '#좋반', '#팔로워', '#선팔', '#카페스타그램']",2019년 12월 27일,47
193,kimjy.0328,"['#서울', '#서울나들이', '#이태원', '#데이앤나잇', '#송년회파티', '#초대', '#크라우닝', '#더크라운', '#연말파티', '#크리스마스파티', '#멋지다', '#트리', '#해피크리스마스', '#셀카', '#selfie', '#셀스타그램', '#일상공유', '#daily', '#인친환영', '#여행정보', '#인친스타그램', '#여행스타그램']",2019년 12월 27일,8
194,gkfla_20.9,[],2019년 10월 18일,63
195,lunacoco97public,"['#아이슬란드여행', '#아이슬란드', '#여행스타그램', '#여행에미치다', '#여미광장', '#여행에미치다', '#iceland', '#icelandtravel', '#travel']",2019년 12월 27일,41
196,pyo.s.t.0128,"['#쉼표', '#여행스타그램']",2019년 12월 27일,6
197,su_._._bi,[],2019년 12월 20일,39
198,kxxmyuri,"['#철한자9', '#교정기까지그리고난리', '#부산', '#서면', '#광안리', '#이태원', '#홍대', '#소통', '#셀카', '#선팔', '#맞팔', '#팔로우', '#셀스타그램', '#좋아요', '#좋아요반사', '#데일리코디', '#맛집', '#댓글', '#패션', '#뷰티스타그램', '#옷스타그램', '#얼스타그램', '#헬스타그램', '#여행스타그램', '#커피', '#소통해요', '#아이폰', '#인테리어', '#술스타그램', '#인스타그램']",2019년 12월 27일,16
199,strongman_0606,"['#낚시', '#감성돔', '#감성돔낚시', '#낚시', '#인친환영', '#여행스타그램', '#인스타', '#인친해요', '#훈녀', '#훈남', '#맞팔', '#선팔하면맞팔', '#여행스타그램', '#좋아요', '#반사', '#팔로우해요', '#좋반', '#좋반테러', '#낚시', '#취미', '#낚시스타그램', '#꾼', '#바람바람바람']",2019년 12월 27일,23
200,dear.dear______,"['#일러스트', '#그림', '#드로잉', '#아이패드', '#프로크리에이터', '#일상', '#데일리', '#생활툰', '#일상툰', '#수채화', '#데일리룩', '#취미', '#집순이', '#데이트', '#부부', '#부부스타그램', '#여행', '#여행스타그램', '#엘사', '#올라프', '#겨울왕국2', '#겨울왕국', '#영화']",2019년 12월 27일,5
201,djawjd3,"['#가족여행', '#겨울여행', '#경주여행', '#2박3일여행', '#다섯가족', '#다둥이네', '#삼남매', '#짐싸고지침', '#문경휴게소', '#개조아', '#여행스타그램', '#일상', '#소통']",2019년 12월 27일,13
202,joy_younlee,"['#청도여행', '#청도카페', '#청도맛집', '#로코코블랑', '#이벤트참여', '#일상', '#데일리', '#소통', '#국내여행', '#여행스타그램', '#청도', '#좋아요', '#선팔', '#맞팔', '#좋반', '#cafe', '#tripstagram']",2019년 12월 27일,74
203,2000solid,"['#아울렛', '#outlet', '#롯데아울렛', '#icheon', '#솔리드옴므', '#solidhomme', '#solidhomme2000', '#이천', '#mensfashion', '#2000solid', '#wym', '#하객룩', '#데이트룩', '#인생샷', '#리조트', '#여행', '#호텔', '#패션', '#공항패션', '#여행룩', '#여행스타그램', '#어메니티', '#커플', '#연인', '#셀카', '#얼스타그램', '#셀기꾼', '#셀카그램', '#셀스타그램', '#오오티디']",2019년 12월 27일,7
204,e_esssong,"['#유럽여행', '#유럽', '#이탈리아', '#이탈리아여행', '#피렌체', '#피렌체여행', '#한달살기', '#혼자여행', '#에세이', '#여행', '#여행에미치다', '#여미', '#여행스타그램', '#세계여행', '#유디니', '#여행기록', '#체크인유럽', '#europe', '#italy', '#firenze', '#travelholic', '#essay', '#travel', '#travelholic', '#travelphotography', '#eudiny', '#eudiny']",2019년 12월 27일,20
205,941130_._,"['#호흡곤란', '#막년회', '#곳', '#소통', '#팔로우', '#셀스타그램', '#셀카', '#셀피', '#선팔하면맞팔', '#좋아요반사', '#좋아요', '#데일리', '#얼스타그램', '#뷰티스타그램', '#소통해요', '#인친', '#패션', '#옷스타그램', '#여행스타그램', '#헬스타그램', '#옷집', '#서면', '#해운대', '#동성로', '#디뮤지엄', '#강남', '#이태원', '#커피', '#데일리코디', '#인테리어']",2019년 12월 27일,18
206,dyno_jongwon,[],2019년 12월 27일,162
207,pp_jin_a,"['#제주도', '#제주도여행', '#동백포레스트', '#여행스타그램', '#제주도', '#제주도여행', '#동백포레스트', '#동백꽃', '#동백꽃포토존', '#여행', '#여행스타그램', '#daily', '#dailylook', '#데일리', '#데일리룩', '#여행에미치다', '#selfie', '#셀피', '#셀피그램', '#금요스타그램']",2019년 12월 27일,45
208,jm_1008,"['#겨울휴가', '#여행', '#여행스타그램', '#여행병', '#다낭', '#호이안여행', '#다낭여행', '#수영장맛집', '#아이러브반미', '#사이공', '#맥주', '#맥주맛집', '#맛집', '#먹스타그램', '#먹방', '#먹투어', '#트립', '#daily', '#여행일기', '#일상일기']",2019년 12월 27일,3
209,xixoox.725,['#용융이칭다오조지기'],2019년 12월 27일,6
210,hyunjin80lee,"['#일상', '#데일리', '#소통', '#여행', '#가족여행', '#겨울여행', '#국내여행', '#강원도여행', '#강릉여행', '#강릉맛집', '#초당순두부마을', '#초당순두부맛집', '#초당할머니순두부', '#순두부백반', '#얼큰째복순두부', '#jmt', '#여행스타그램', '#강릉스타그램', '#맛있다그램']",2019년 12월 27일,6
211,dreamran1000,"['#Dubai', '#louvremuseum', '#louvreabudhabi', '#루브르파리', '#루브르아부다비', '#작품감상', '#파리에안가도', '#교과서에서만봤던', '#엄청난작품전시', '#amwayclass', '#amwayleadershipseminar', '#rise2019dubai', '#2019ALS', '#achievers', '#amazing', '#amwaylifestyle', '#amwayclass', '#도전', '#보상', '#여행에미치다', '#여행스타그램']",2019년 12월 27일,12
212,minnnnn__n,"['#제주여행', '#피규어뮤지엄', '#마블', '#아이언맨', '#디즈니', '#올라프', '#겨울왕국', '#스타워즈', '#토이스토리', '#등등등', '#제주', '#jeju', '#제주가볼만한곳', '#제주실내여행', '#실내데이트', '#피규어뮤지엄제주', '#여행스타그램', '#럽스타그램', '#셀카', '#셀피', '#selca', '#selfie']",2019년 12월 27일,10
213,bu_u_ha,['#유럽배낭여행'],2019년 12월 27일,21
214,___lifememory,"['#여행', '#여행스타그램', '#일몰', '#제주도', '#우도', '#성산', '#성산일출봉']",2019년 12월 27일,3
215,sunny_house55,"['#일상', '#데일리', '#일상그램', '#데일리그램', '#오빠랑', '#남편이랑', '#여행', '#여행스타그램', '#감성', '#맛스타그램', '#먹방', '#부산여행', '#일광', '#행복그램', '#셀카', '#셀피', '#셀스타그램', '#홈인테리어', '#온더테이블', '#신혼일상', '#새댁일상', '#새댁스타그램', '#주부스타그램', '#주부일상', '#홈스타그램', '#집스타그램', '#꿀하우스', '#모던하우스', '#하우스그램', '#홈스윗홈']",2019년 12월 27일,7
216,instagramofkelly,"['#여행스타그램', '#운동', '#스파', '#jw메리어트싱가포르사우스비치']",2019년 12월 27일,15
217,c.t_aiden,"['#경북', '#칠곡', '#동명면', '#송림사', '#대웅전', '#송림사오층전탑', '#삼천불전', '#웅진전', '#요사체', '#일주문', '#여행', '#여행스타그램', '#경북여행', '#일상', '#산책']",2019년 12월 27일,21
218,positano_in_jeju,"['#별보며잠드는펜션', '#포지타노인제주', '#제주도펜션추천', '#성산펜션추천', '#제주도커플펜션추천', '#제주펜션추천']",2019년 12월 27일,23
219,tadanokorea,"['#중국', '#여행', '#여행에미치다', '#인스타', '#좋아요', '#소통', '#맞팔', '#선팔', '#좋반', '#일상', '#데일리', '#insta', '#china', '#travel', '#like4likes', '#castle', '#안양', '#송파', '#송도', '#여행스타그램']",2019년 12월 27일,17
220,mingyumireuchoe,[],2019년 12월 27일,42
221,zusumommm,"['#연말여행', '#집밥아닌', '#남이해주는밥', '#여행스타그램', '#먹스타그램', '#맛집투어', '#고민없는저녁']",2019년 12월 27일,5
222,misun.lyoo,"['#포항', '#대구', '#부산', '#일상스타그램', '#일상', '#여행스타그램', '#주말여행', '#daily', '#instagram', '#평일', '#후드티', '#레깅스', '#신상', '#좋아요', '#좋아요반사', '#좋아요테러', '#인친', '#퇴근', '#d', '#셀스타그램', '#셀기꾼', '#셀피', '#어플빨', '#어플', '#송해공원']",2019년 12월 27일,23
223,dal.glory,"['#맛집투어', '#강릉카페', '#테라로사커피공장', '#커피맛집', '#테라로사', '#커피맛집', '#카페투어', '#강릉여행', '#여행스타그램', '#일상기록']",2019년 12월 27일,8
224,cafegotta,"['#강릉', '#툇마루', '#툇마루커피']",2019년 12월 27일,27
225,yu.uuvely,"['#온리', '#강아지', '#바보', '#멍댕이', '#댕댕이', '#일상', '#데일리', '#데일리룩', '#옷', '#사진', '#여행', '#멍스타그램', '#강아지스타그램', '#옷스타그램', '#사진스타그램', '#여행스타그램', '#출근길', '#난너의뒷통수가참좋아', '#귀여워', '#사랑스러워', '#댓글', '#좋아요', '#좋반', '#인친', '#소통', '#다렉', '#팔로우']",2019년 12월 27일,19
226,around_kids,"['#그림책육아', '#럽스타그램', '#홈스쿨링', '#교육', '#책스타그램', '#유아스타그램', '#북스타그램', '#키즈스타그램', '#영재', '#사진스타그램', '#맘스타그램', '#베이비스타그램', '#책', '#영재발굴단', '#하나님', '#글', '#추천도서', '#프뢰벨', '#아기스타그램', '#유아스타그램', '#독서스타그램', '#키즈에이원', '#홈스쿨', '#월팸', '#여행스타그램', '#셀스타그램', '#교육', '#힐링글', '#그림책', '#키즈스콜레', '#몬테소리', '#여행']",2019년 12월 25일,47
227,wagguzzang,"['#daily', '#dailylook', '#ootd', '#selfie', '#selca', '#셀스타그램', '#셀카', '#셀피', '#여행스타그램', '#여행', '#데이트', '#lfl', '#l4l', '#좋아요', '#경주', '#부산', '#럽스타그램', '#남자머리스타일', '#남자코디', '#사이먼']",2019년 12월 27일,42
228,jin_xi0,[],2019년 12월 27일,77
229,ericlee.photo,"['#Sanfrancisco', '#샌프란시스코', '#샌프란', '#샌프란여행', '#서부여행', '#travelphotography', '#streetphoto', '#streetphotography', '#candidphotography', '#여행사진', '#여행스타그램', '#스트릿포토', '#ig', '#ig', '#streetphoto', '#instatravel', '#streetphotographer']",2019년 12월 27일,21
230,rheedesign__,[],2019년 12월 22일,31
231,m.merrrrry,"['#나', '#여행', '#일상', '#부산여행', '#부산', '#감천문화마을', '#여행스타그램', '#연말', '#크리스마스']",2019년 12월 27일,14
232,07_11x,[],2019년 12월 27일,9
233,bellaparkkk,[],2019년 12월 27일,71
234,travelholic_kwon,"['#스페인', '#세비야', '#servilla', '#스페인여행', '#세비야여행', '#spain', '#여행중독자', '#여행중독', '#여행에미치다', '#여행스타그램', '#travelholic', '#travel', '#traveler', '#여행', '#일상', '#세비야대성당']",2019년 12월 27일,10
235,m__juo,[],2019년 12월 27일,44
236,melissa_jahee,"['#메리크리스마스', '#유니버셜스튜디오할리우드', '#해리포터빌리지', '#크리스마스', '#losangeles', '#california', '#universalstudioshollywood', '#연말여행', '#두아들', '#아들둘맘', '#미국생활', '#미국', '#서부', '#월넛크릭', '#일상', '#맘스타그램', '#엄마스타그램', '#가족스타그램', '#애스타그램', '#베이비스타그램', '#아들스타그램', '#부부스타그램', '#일상', '#얼스타그램', '#소통', '#캘리포니아', '#셀스타그램', '#여행', '#여행스타그램', '#일상스타그램']",2019년 12월 27일,8
237,rose_kek,"['#제주살이', '#밀크티', '#제주도', '#제주여행', '#여행스타그램', '#카페', '#다니쉬', '#제주카페', '#빵지순례', '#함덕카페', '#쑥인절미갸또', '#카페스타그램', '#jeju', '#selfie', '#selca', '#cafe', '#travel', '#에메랄드빛바다', '#핫초코']",2019년 12월 27일,11
238,firstwoee,"['#셀스타그램', '#얼스타그램', '#좋아요반사', '#좋아요', '#좋테', '#운동스타그램', '#팔로우반사', '#먹스타그램', '#헬스타그램', '#여행스타그램', '#얼스타', '#인스타그램', '#dailylook', '#selfie', '#likeforfollow', '#dailyfactnation', '#일상스타그램', '#옷스타그램', '#데일리그램', '#맞팔선팔', '#팔로우환영', '#맞팔하면선팔', '#likeforlikes', '#맞팔댓글', '#followforfollowback']",2019년 12월 27일,72
239,ii_ne_,[],2019년 12월 27일,26
240,youngsukjun,"['#Ixtapa', '#Hotel', '#멕시코', '#여행스타그램', '#노을', '#해변']",2019년 12월 27일,4
241,hello.dy.0314,"['#제주도', '#제주도여행', '#서귀포시카페', '#제주도카페', '#감귤밭카페', '#제주도커피맛집', '#카페네이처캔버스', '#네이처캔버스', '#제주카페투어', '#제주카페추천', '#카페스타그램', '#제주가볼만한곳', '#제주맛집', '#가족여행', '#효도여행', '#태교여행', '#커플여행', '#나홀로여행', '#여행에미치다', '#여행스타그램', '#여행블로거', '#힐링', '#일상', '#소통', '#맞팔', '#데일리', '#블로그', '#블로거', '#맛집블로거']",2019년 12월 27일,14
242,1730kg,['#thebeach'],2019년 12월 27일,34
243,immchi,"['#여행스타그램', '#마지막한국여행', '#2019']",2019년 12월 27일,17
244,thisizseoyoungzzi,"['#selca', '#selfie', '#selstagram', '#fff', '#f4f', '#daily', '#일상', '#선팔', '#맞팔', '#셀스타그램', '#셀피', '#셀카', '#ootd', '#여수', '#여행스타그램', '#여행']",2019년 12월 27일,10
245,bin_0100,[],2019년 12월 6일,51
246,by_sally___,['#개구장이'],2019년 12월 26일,34
247,om_j_2i,[],2019년 12월 27일,35
248,mipage_,[],2019년 12월 27일,15
249,sssung_87,"['#서귀포', '#동백꽃필무렵', '#동백', '#동백꽃', '#동백포레스트', '#짧은여행', '#아쉽지만', '#안녕', '#셀피', '#셀피그램', '#셀카', '#셀카그램', '#데일리그램', '#꽃밭', '#꽃밭에서', '#구름', '#실화냐', '#실화임', '#selca', '#sel', '#selfies', '#제주도여행', '#제주도', '#여행', '#여행스타그램', '#여행그램', '#여행그램']",2019년 12월 27일,5
250,h_beautyroom1,"['#지난사진', '#크리스마스이브', '#산타케익', '#파리바게트', '#커플스타그램', '#부부스타그램', '#럽스타그램', '#여행스타그램', '#좋아요', '#좋아요반사', '#좋반', '#좋아요테러', '#좋아요테러반사', '#대명동속눈썹연장', '#대명동왁싱', '#대명동피부', '#대명동네일', '#대명동반영구', '#대구핫플', '#대명동핫플', '#안지랑역', '#H뷰티룸', '#에이치뷰티룸', '#쟈이닝네일', '#아이앤아이', '#수강문의', '#주말반수업', '#일대일수업', '#개인레슨']",2019년 12월 27일,14
251,ip_iiiiiii,"['#셀카', '#선팔', '#맞팔', '#팔로우', '#셀스타그램', '#좋아요', '#좋아요반사', '#선팔하면맞팔', '#데일리코디', '#맛집', '#댓글', '#패션', '#뷰티스타그램', '#옷스타그램', '#얼스타그램', '#헬스타그램', '#서면', '#해운대', '#광안리', '#이태원', '#여행스타그램', '#커피', '#소통해요', '#럽스타그램', '#인테리어', '#술스타그램', '#인스타그램']",2019년 12월 27일,14
252,cherish_j92,"['#제주카페', '#제주카페추천', '#외도339카페', '#외도339', '#자매여행', '#자매스타그램', '#제주도여행', '#제주여행', '#반려견여행', '#여행스타그램', '#여행에미치다', '#셀스타그램', '#셀스타', '#셀기꾼', '#셀피', '#얼스타', '#얼스타그램', '#뷰티스타그램', '#훈녀', '#오늘의훈녀', '#좋반', '#직딩', '#직딩스타그램', '#인스타독', '#멍스타그램', '#펫스타그램', '#반려견동반여행', '#반려견동반카페', '#제주반려견동반']",2019년 12월 27일,26
253,laterrace_yeosu,"['#라테라스', '#라스트썬셋', '#노을맛집', '#연말파티', '#BBQ', '#놀이미술', '#12월', '#여수여행', '#국내여행', '#크리스마스', '#여행스타그램', '#인싸', '#핫플', '#여수핫플', '#여수맛집', '#핫플투어', '#여수호텔', '#여수리조트', '#여수펜션', '#오션뷰펜션', '#오션뷰', '#온수풀', '#인피니티풀', '#호캉스']",2019년 12월 27일,6
254,juli_house,"['#물랑루즈', '#유럽여행', '#프랑스여행', '#파리파업', '#파리여행', '#paris', '#여행스타그램']",2019년 12월 27일,3
255,ss._.u_h,[],2019년 12월 27일,84
256,jihmm_,"['#셀피', '#셀카', '#셀스타그램', '#일상', '#데일리', '#데일리룩', '#일상', '#인친', '#소통', '#인스타', '#인스타그램', '#맞팔', '#선팔', '#팔로우', '#팔로워', '#팔로잉', '#여행', '#여행스타그램', '#오오티디', '#맨투맨', '#아메카지', '#그런지룩', '#힙합', '#아메카지룩', '#빈티지', '#옷스타그램', '#카페', '#좋반', '#insta', '#fff', '#lfl']",2019년 12월 27일,29
257,2river_mt,"['#여행', '#여행에미치다', '#여행스타그램', '#베트남여행', '#다낭', '#커플여행', '#미케비치', '#오행산', '#호이안', '#호이안올드타운', '#썸머크리스마스', '#골든브릿지', '#바나힐', '#한시장', '#1일1마사지', '#해외여행']",2019년 12월 27일,14
258,dpaxlektzja,"['#대학엠티', '#대학생', '#flex', '#엠티', '#mt', '#mt장소', '#청주대', '#공주대', '#건양대', '#유원대', '#충남대', '#한밭대', '#충청대', '#김천대', '#배재대', '#금오공대', '#중부대', '#홍익대', '#원광대', '#군산대', '#엠티가요', '#좋아요', '#여행스타그램']",2019년 12월 27일,2
259,ch.jinu,"['#traveling', '#travelgram', '#wonderful', '#daily', '#좋아요', '#potd', '#여행스타그램', '#일상', '#소통', '#여행', '#travel', '#여행에미치다']",2019년 12월 27일,13
260,_g.true,"['#할리우드', '#hollywood', '#윌스미스', '#willsmith', '#la', '#미국', '#여행', '#여행스타그램', '#존잼', '#일상', '#daily', '#소통', '#순두부찌개', '#순두부', '#한식']",2019년 12월 27일,8
261,hanbyeolee__,"['#여행스타그램', '#서울', '#서울여행', '#북촌', '#북촌한옥마을', '#북촌카페', '#한옥마을', '#사진', '#사진스타그램', '#햇빛', '#햇살맛집', '#햇살좋은날', '#photo', '#photography', '#좋아요', '#좋반', '#좋아요반사']",2019년 12월 27일,18
262,sweet__bbo,"['#여수', '#낭만카페', '#오션뷰카페', '#데이트']",2019년 12월 27일,22
263,damimat,"['#식당현관매트', '#신발벗으세요매트', '#족발집', '#감자탕집', '#숯불구이맛집', '#아귀찜맛집', '#냉면맛집', '#피자', '#족발', '#회기맛집', '#병원인테리어', '#마트음식', '#한방병원', '#피부과', '#성형외과', '#쇼핑몰추천', '#현관매트추천', '#일식맛집', '#양식요리', '#중식맛집', '#여행스타그램', '#홍어맛집', '#초밥맛집', '#추어탕맛집', '#스와니카페트', '#쓰리엠매트']",2019년 12월 27일,4
264,lunacoco97public,"['#여행에미치다', '#여미광장', '#여행스타그램', '#여행에미치다', '#아이슬란드', '#iceland', '#travel', '#여행스타그램']",2019년 12월 27일,51
265,h_j_07__,"['#상해디즈니랜드', '#디즈니', '#신데렐라성', '#여행', '#여행스타그램', '#좋아요', '#소통', '#셀', '#셀스타그램', '#럽', '#럽스타그램', '#커플사진', '#맞', '#좋반']",2019년 12월 27일,13
266,wonderland3737_,"['#대만', '#해외여행', '#대만여행', '#가오슝', '#컨딩', '#여행', '#직장', '#막내', '#힐링', '#소통', '#맞팔', '#감성', '#jmt', '#먹방', '#음식', '#음식스타그램', '#여행스타그램', '#셀카', '#셀카그램', '#taiwan', '#kenting', '#kaohsiung', '#selfies', '#travel', '#travelgram', '#food', '#foodstagram', '#instagood', '#like4likes', '#follow4follow']",2019년 12월 27일,15
267,momo_heehee,"['#여행', '#여행에미치다', '#여행스타그램', '#사진', '#사진스타그램', '#사진맛집', '#치앙마이', '#photography', '#photostagram', '#travel', '#travelgram', '#chiangmai', '#chiangmailife', '#chiangmaisalsa', '#치앙마이살사', '#치앙마이바차타']",2019년 12월 25일,30
268,hope5926,"['#겨울', '#제주', '#제주도', '#여행', '#제주도여행', '#제주도소품샵', '#소품샵', '#큰손상회', '#찍스타그램', '#셀스타그램', '#럽스타그램', '#여행스타그램', '#연말', '#연휴', '#데일리', '#일상']",2019년 12월 27일,6
269,920405zzi,"['#일상스타그램', '#여행스타그램', '#시골스타그램', '#밀양', '#할머니집', '#시골고양이', '#메주', '#가마솥', '#아궁이', '#시골냄새', '#힐링', '#방학스타그램', '#타짜', '#할머니', '#현금을', '#뽑아올걸', '#그랬네', '#내일', '#시내가자']",2019년 12월 27일,5
270,a_o_e2,"['#데일리', '#여행', '#여행스타그램', '#산후안', '#인스타', '#셀스타그램', '#셀카', '#일상', '#힐링', '#일상스타그램', '#휴가', '#서핑', '#여행그램', '#인스타일상', '#바다', '#필리핀', '#인스타그램', '#instagood', '#instagram', '#instadaily', '#instalike', '#surf', '#surfing', '#daily', '#dailylook', '#instafollow', '#union', '#happy', '#merrychristmas']",2019년 12월 27일,21
271,h__ppippi,[],2019년 12월 26일,144
272,travelholic_kwon,"['#스페인', '#세비야', '#servilla', '#스페인여행', '#세비야여행', '#spain', '#여행중독자', '#여행중독', '#여행에미치다', '#여행스타그램', '#travelholic', '#travel', '#traveler', '#여행', '#일상', '#스페인광장']",2019년 12월 27일,13
273,junseoklee_,[],2019년 12월 27일,296
274,purebreadgirl,['#껠끄쇼즈'],2019년 12월 27일,9
275,kite_.water,"['#부부스타그램', '#치앙마이일주일살기', '#치앙마이호텔', '#치앙마이여행', '#동남아3주여행', '#여행스타그램', '#instadaily', '#치앙마이', '#초록의도시', '#럽스타그램', '#남편이랑', '#동남아여행']",2019년 12월 27일,12
276,ssang807,"['#디인사이드하우스', '#theinsidehouse', '#치앙마이호텔', '#치앙마이숙소', '#수영장호텔', '#치앙마이', '#치앙마이여행', '#태국여행', '#chiangmai', '#thailand', '#travelgram', '#여행스타그램', '#여행에미치다', '#먹스타그램', '#맛스타그램', '#신혼부부', '#신혼스타그램', '#럽스타그램', '#일상', '#데일리스타그램', '#데일리그램', '#daily', '#f4f', '#선팔', '#맞팔']",2019년 12월 27일,16
277,dariaprilous,"['#여행', '#일상', '#travel', '#여행스타그램', '#korea', '#데일리', '#소통', '#서울', '#daily', '#좋아요', '#맞팔', '#seoul', '#한국', '#셀카', '#셀스타그램', '#사진', '#부산', '#선팔', '#selfie', '#trip', '#셀피', '#팔로우', '#southkorea', '#먹스타그램', '#카페', '#여행에미치다', '#제주도', '#photography', '#ootd', '#instagood']",2019년 6월 5일,47
278,paseixx,"['#제주도', '#럽스타그램', '#여행스타그램']",2019년 12월 27일,28
279,masitdao,[],2019년 12월 27일,106
280,sdrhytga54ryt4awyt,"['#디자이너', '#운동하는남자', '#가자', '#인스타독', '#안전한물티슈', '#인스타사이즈', '#규슈', '#페르시안', '#여행스타그램', '#경시생']",2019년 12월 27일,2
281,eunjeong0467,"['#일상', '#데일리', '#일상스타그램', '#데일리그램', '#첫줄', '#첫줄반사', '#첫줄좋반', '#좋반', '#좋반테러', '#데이트', '#커플', '#여행', '#여행스타그램', '#맛집', '#카페', '#셀피', '#셀스타그램', '#푸드스타그램', '#소통', '#선팔', '#맞팔', '#팔로우', '#인친', '#환영', '#좋아요', '#food', '#daily', '#selfie', '#selca', '#like4like']",2019년 12월 27일,18
282,2winklynu,"['#부츠', '#청바지', '#원픽', '#겨울코디', '#빅사이즈스키니', '#피팅']",2019년 12월 27일,4
283,sxxzeenee,[],2019년 12월 27일,49
284,__miltonia,[],2019년 12월 27일,19
285,hayeoljo,"['#황토집숯불닭갈비', '#춘천여행', '#춘천스타그램', '#춘천여행', '#춘천맛집', '#춘천닭갈비', '#춘천숯불닭갈비', '#춘천숯불닭갈비맛집', '#춘천숯불닭갈비맛집', '#춘천맛집황토집숯불닭갈비', '#춘천닭갈비춘천시', '#먹스타그램', '#여행스타그램', '#데일리', '#소양강댐닭갈비']",2019년 12월 27일,4
286,jaile0822,"['#스위스여행', '#스위스', '#루채른', '#샤토게슈', '#리기산', '#인터라켄', '#여행스타그램', '#단발머리', '#추워']",2017년 12월 15일,12
287,lxxs__jin,[],2019년 12월 27일,48
288,arin_haon_mom,"['#아하남매네여수', '#아린스타그램', '#닭띠아가', '#생후861일', '#하온스타그램', '#개띠아가', '#생후447일', '#여행스타그램', '#가족여행', '#겨울여행', '#여수여행', '#오동도', '#동백꽃', '#바람이너무불어', '#완전추웠음', '#여수야안녕', '#담에또올게', '#이제전주로가자아', '#육아스타그램', '#연년생육아', '#13개월차이연년생', '#연년생맘', '#남매맘', '#딸맘', '#아들맘', '#도치맘', '#이쁜내새꾸들']",2019년 12월 27일,12
289,super.tg,[],2019년 12월 27일,13
290,bbooochi_,"['#대만', '#대구', '#여행', '#일상', '#travel', '#daily', '#여행스타그램', '#타이베이', '#스펀', '#지우펀', '#예류지질공원', '#taipei', '#소통', '#좋아요', '#융캉제', '#대만맛집', '#좋반', '#98', '#맞팔', '#시티즌엠', '#ootd', '#우정여행']",2019년 12월 27일,21
291,from_que_sera,"['#coffeelover', '#여행스타그램', '#전주카페', '#나잇나잇', '#나잇나잇카페', '#전주카페추천', '#bakery', '#cafe', '#coffee', '#coffeetime', '#jeonju', '#photography', '#여행가세라', '#여행가세라', '#럽스타그램', '#부부스타그램']",2019년 12월 27일,228
292,nayeongram___,"['#대만', '#여행', '#타이페이', '#지우펀', '#지옥펀', '#여행스타그램', '#일상', '#데일리', '#taiwan', '#trip', '#taipei', '#jiufen', '#daily']",2019년 12월 27일,9
293,flex.____.ph,"['#서울', '#이태원', '#패션', '#쇼핑', '#얼스타그램', '#한남동', '#데일리', '#셀스타그램', '#인테리어', '#맞팔', '#선팔', '#선팔하면맞팔', '#맞팔해요', '#셀카', '#셀피', '#럽스타그램', '#좋아요반사', '#운동스타그램', '#헬스타그램', '#여행스타그램', '#뷰티', '#인친', '#언팔싫어요', '#일상', '#소통', '#카페', '#한남동', '#likeforfollow']",2019년 12월 27일,10
294,doubl2_s,"['#doubl2sinkualalumpur', '#나시르막', '#단돈3천원', '#말레이시아', '#쿠알라룸푸르', '#KL', '#kualalumpur', '#klfood', '#먹스타그램', '#맛스타그램', '#nasilemak', '#foodie', '#foodstagram', '#foodporn', '#fooddiary', '#먹방', '#일상', '#일상스타그램', '#데일리', '#밥스타그램', '#혼밥', '#daily', '#여행', '#혼행', '#여행스타그램', '#여행에미치다']",2019년 12월 27일,62
295,xoxo_97_17,"['#일상', '#일상스타그램', '#셀피', '#셀스타그램', '#셀카', '#데일리', '#흔남', '#부산여행', '#여행', '#여행스타그램', '#연말', '#소통', '#좋아요', '#선팔', '#맞팔', '#인친', '#친구', '#환영', '#selfie', '#selca', '#daily', '#likeforlikes', '#following', '#friends']",2019년 12월 27일,18
296,ek._01._05,[],2019년 12월 27일,97
297,go_wherever.i.want,"['#윌리엄스버그에서', '#여행결산', '#여행에미치다', '#여행스타그램', '#뉴욕', '#뉴욕여행', '#맨하탄', '#윌리엄스버그', '#newyork', '#manhattan', '#williamsburg', '#city', '#buildings']",2019년 12월 27일,23
298,som__e.e,['#옷을잘못선택했어'],2019년 12월 27일,56
299,m.oooony,[],2019년 12월 27일,56
300,made_hyunso,"['#이태원메이드엠디', '#이태원메이드게스트', '#소통', '#이태원메이드예약', '#로컬', '#선팔', '#맞팔', '#팔로우', '#옥타곤', '#좋아요', '#페이스', '#선팔하면맞팔', '#플렉스', '#댓글', '#패션', '#이태원메이드테이블', '#얼스타그램', '#이태원', '#홍대', '#강남', '#여행스타그램', '#소통해요', '#인스타그램', '#이태원메이드']",2019년 12월 27일,2
301,rr.ruu,"['#taiwantravel', '#taiwan1', '#likeforlikes', '#travel', '#좋아요', '#좋아요그램', '#여행스타그램', '#여행', '#대만여행']",2019년 12월 27일,4
302,yu_ming_18,[],2019년 12월 27일,53
303,gunjin.c,"['#여행', '#여행에미치다', '#여행스타그램', '#다이빙', '#스쿠버다이빙', '#필리핀', '#태국', '#사이판', '#세부', '#푸켓', '#블라디보스톡', '#발리', '#나트랑', '#베트남', '#travel', '#diving', '#travelgram', '#saipan', '#thailand', '#vietnam', '#russia', '#indonesia', '#프로여행러']",2019년 12월 27일,13
304,the.sun._,[],2019년 12월 22일,58
305,flex.____.ph,"['#서울', '#이태원', '#패션', '#쇼핑', '#얼스타그램', '#한남동', '#데일리', '#셀스타그램', '#인테리어', '#맞팔', '#선팔', '#선팔하면맞팔', '#맞팔해요', '#셀카', '#셀피', '#럽스타그램', '#좋아요반사', '#운동스타그램', '#헬스타그램', '#여행스타그램', '#뷰티', '#인친', '#언팔싫어요', '#일상', '#소통', '#카페', '#한남동', '#likeforfollow']",2019년 12월 27일,12
306,wodnjs3802,"['#첫줄', '#제주2일차', '#제주여행', '#여행', '#여행스타그램', '#천지연망고레이', '#망고레이', '#망고레이천지연폭포점', '#망고레이천지연점', '#망고', '#망고레이카페', '#망고레이천지연', '#제주카페', '#제주카페추천', '#맛난망고', '#가족여행', '#가족과함께']",2019년 12월 27일,2
307,ch_tang_,"['#대만여행', '#아종면선곱창국수', '#대만', '#타이페이', '#taipei', '#taipeitravel', '#taipeifood', '#곱창국수', '#대만곱창국수', '#아종면선', '#시먼딩', '#시먼딩맛집', '#여행', '#여행스타그램']",2019년 12월 27일,173
308,stylish_hooni,"['#을지로', '#종각맛집', '#명동맛집', '#을지로맛집', '#종로맛집', '#맛집', '#점심', '#직장인', '#힙지로', '#점심맛집', '#저녁맛집', '#맛집투어', '#맛스타그램', '#직장인스타그램', '#먹방', '#여행스타그램', '#셀스타그램', '#맛집스타그램', '#먹방스타그램', '#선팔', '#맞팔', '#일상스타그램', '#먹스타그램', '#디라이프스타일키친', '#sfc맛집', '#생활의달인', '#해산물빠에야', '#알리오올리오', '#분위기좋은', '#광화문맛집']",2019년 12월 27일,9
309,_woo_s.j,"['#가족여행', '#미국여행', '#horseshoebend', '#홀스슈밴드', '#여행스타그램', '#191226']",2019년 12월 27일,3
310,bangsta_44,"['#불금', '#감기조심']",2019년 12월 27일,27
311,min_wooo97,"['#일상', '#소통', '#데일리', '#데일리룩', '#daily', '#dailylook', '#여행', '#여행스타그램', '#밀양', '#예비군', '#술이', '#안깬다']",2019년 12월 27일,16
312,songbak,"['#daily', '#selfie', '#travel', '#trip', '#bangkoktrip', '#friendship', '#일상', '#데일리', '#친스타그램', '#맞팔', '#소통', '#인친', '#좋반', '#태국', '#태국여행', '#방콕', '#방콕여행', '#여행스타그램', '#여행에미치다']",2019년 12월 27일,18
313,jyloo_,"['#daily', '#travelphotography', '#austria', '#travel', '#wien', '#europe', '#traveling', '#travelgram', '#유럽', '#여행에미치다', '#팔로우', '#글', '#좋아요반사', '#여행사진', '#좋반', '#감성', '#일상', '#데일리', '#좋아요', '#빈', '#인테리어', '#여행스타그램', '#오스트리아', '#무드', '#여행사진', '#풍경', '#성당', '#글스타그램', '#글귀', '#책스타그램']",2019년 12월 27일,60
314,sunghee__22,"['#부산', '#붓싼', '#부산사진', '#부산여행', '#감천문화마을', '#감천동', '#골목사진', '#사진', '#여행', '#여행사진', '#여행스타그램', '#여행에미치다', '#내가찍은사진', '#사진자랑', '#부산추천', '#색감', '#감성', '#감성사진', '#부산감성', '#사진스타그램', '#골목감성', '#사진찍기좋은곳', '#셀카', '#셀피', '#힐링', '#또가고싶다', '#겨울여행', '#크리스마스', '#사진작가', '#성희님']",2019년 12월 27일,11
315,pinkbubble.co.kr,"['#보석핸드폰케이스', '#큐빅핸드폰케이스', '#그립톡', '#데코덴케이스', '#데코덴핸드폰케이스', '#핸드폰케이스', '#핸드폰케이스주문제작', '#핸드폰케이스쇼핑몰', '#핸드폰', '#폰케이스', '#폰그립', '#스마트폰그립톡', '#ootd', '#뷰스타그램', '#인친', '#데일리', '#소통', '#맞팔', '#얼스타그램', '#폰손잡이', '#스마트폰손잡이', '#여행스타그램', '#셀피', '#흔녀', '#흔남', '#셀카', '#선팔맞팔', '#럽스타그램', '#셀기꾼', '#패션스타그램']",2019년 12월 27일,10
316,minah_106_,[],2019년 12월 27일,20
317,jo_suna,"['#유럽여행', '#비엔나여행', '#비엔나맛집', '#슈니첼', '#먹스타그램', '#여행스타그램', '#여행기록', '#20191225']",2019년 12월 27일,3
318,mijining_park,"['#속초올때마다아바이마을출첵', '#하늘색도이쁘고상쾌하고좋네', '#강원도', '#여행스타그램', '#럽스타그램', '#속초', '#아바이마을', '#갯배', '#가족스타그램', '#럽스타그램', '#남매스타그램', '#육아맘', '#일상']",2019년 12월 27일,2
319,backstreet.2020,"['#travel', '#roadtrip', '#mexico', '#mexico', '#guadalajara', '#zapopan', '#centro', '#여행', '#여행스타그램', '#멕시코', '#멕시코', '#멕시코여행', '#멕시코여행', '#멕시코과달라하라', '#과달라하라', '#과달라하라여행', '#센트로히스토리코', '#바실리카성당']",2019년 12월 27일,4
320,s__4_29,"['#첫줄', '#맞팔해요', '#셀스타그램', '#얼스타그램', '#99', '#98', '#좋아요', '#강남', '#소통', '#인친', '#홍대', '#선팔', '#럽스타그램', '#여행스타그램', '#오오티디', '#likeforfollow', '#f4f', '#선팔하면맞팔', '#데일리', '#셀카', '#팔로우', '#selfie', '#selca', '#follow', '#댓글', '#환영']",2019년 12월 27일,18
321,jaile0822,"['#여행스타그램', '#스위스여행', '#스위스', '#스위스마을', '#인터라켄', '#이탈리아', '#베니스여행', '#산타루치아', '#산마르코성당', '#유럽여행', '#자전거타는여자']",2017년 12월 16일,11
322,_4mapriority,['#영종도'],2019년 12월 27일,58
323,h___j_lee,"['#대만', '#여행', '#여행스타그램', '#가족', '#크리스마스', '#지우펀', '#센과치히로의행방불명', '#ootd', '#일상', '#여행에미치다', '#taipei', '#travel', '#christmas', '#jiufen', '#thespiritingawayofsenandchihiro']",2019년 12월 27일,62
324,eundy2_,"['#속초여행', '#속초', '#국내여행', '#국내겨울여행', '#바다', '#바다여행', '#강원도여행', '#강원도', '#여행', '#여행스타그램', '#여행병', '#여행그램']",2019년 12월 27일,8
325,sena__173,"['#첫줄반사', '#여행스타그램', '#여행에미치다', '#먹스타그램', '#맛스타그램', '#운동하는여자', '#운동하는남자', '#헬스타그램', '#협찬', '#셀카', '#셀스타그램', '#셀피', '#데일리', '#선팔', '#맞팔', '#선팔하면맞팔', '#일상', '#좋아요', '#좋아요반사', '#소통', '#디엠', '#다렉', '#팔로우', '#팔로잉', '#fff', '#f4f', '#follow', '#selfie', '#selca', '#ootd']",2019년 12월 25일,114
326,cxx_ryn_film,[],2019년 12월 27일,13
327,baik_ke,"['#몽치', '#sanfrancisco', '#sanfranciscofood', '#hogisland', '#seafood', '#chowder', '#travel', '#getaway', '#여행', '#샌프란시스코', '#ferrybuilding', '#페리빌딩', '#갬성', '#연말', '#christmas', '#크리스마스', '#holiday', '#여행스타그램']",2019년 12월 27일,20
328,_97_0816,"['#시원하게이발', '#머리컷트', '#출근퇴근출근퇴근', '#울산', '#부산', '#맛집탐방', '#맛스타그램', '#여행스타그램', '#헬스타그램', '#벌크업하기', '#데일리', '#럽스타그램', '#얼스타그램', '#셀스타그램', '#오오티디', '#아이폰', '#follow', '#following', '#follower', '#팔로우늘리기', '#좋아요늘리기', '#좋반', '#좋반테러하기', '#선팔하면맞팔', '#소통하기']",2019년 12월 27일,14
329,wy._.c,"['#여행', '#여행스타그램', '#기차여행', '#기차', '#무궁화호', '#새마을호', '#온양온천', '#온천', '#호텔', '#호캉스', '#셀카', '#셀스타그램', '#힐링', '#동기', '#국민대', '#대학생', '#노래모임징', '#선팔맞팔', '#좋반', '#fff', '#lfl', '#f4f', '#l4l', '#selfie', '#journey', '#travel', '#train', '#spring']",2019년 12월 27일,17
330,l_yuvely,"['#셀스타그램', '#얼스타그램', '#인스타그램', '#셀기꾼', '#셀카', '#셀피', '#일상스타그램', '#맛집', '#소통', '#오늘의훈녀', '#좋튀', '#좋아요테러', '#흔스타그램', '#좋아요', '#좋아요반사', '#좋반', '#맞팔', '#맞팔하면선팔', '#선팔', '#데일리그램', '#뷰티스타그램', '#옷스타그램', '#여행스타그램', '#광주', '#목포', '#럽스타그램', '#광주속눈썹연장', '#속눈썹연장', '#광주출장속눈썹연장']",2019년 12월 27일,15
331,holicholic9457,"['#비자곶펜션', '#비자곶펜션비자림점', '#제주가족여행', '#가족펜션', '#제주독채펜션', '#제주한달살기', '#제주동쪽숙소', '#비자림펜션', '#마당이이쁜펜션', '#비자림펜션', '#제주신축펜션', '#제주스타그램', '#여행스타그램']",2019년 12월 27일,10
332,boas7379,"['#사진스타그램', '#일상', '#photography', '#ig', '#ig', '#climbing', '#travelphotography', '#먹스타그램', '#backpacking', '#dslr', '#me', '#travel', '#ig', '#hiking', '#igtravel', '#야경', '#셀카', '#instagood', '#백패킹', '#igers', '#photo', '#바다', '#풍경', '#naturephotography', '#igdaily', '#hiking', '#셀스타그램', '#nightview', '#ig', '#여행스타그램']",2019년 12월 27일,57
333,ace_hoya,[],2019년 12월 22일,96
334,hey42__stayhouse,"['#순천여행', '#순천펜션', '#헤이42', '#순천독채펜션', '#순천카페', '#순천만정원', '#순천만국가정원', '#순천만', '#순천숙박', '#순천숙소', '#여행', '#여행스타그램', '#순천', '#애스타그램', '#여행중독자', '#수영장펜션', '#키즈펜션', '#여행에미치다', '#순천만갈대', '#전라도', '#순천와온해변', '#순천맛집', '#여수카페', '#여수', '#여수맛집']",2019년 12월 27일,20
335,traveller_jenna,"['#해운대', '#겨울바다', '#이젠좀쉬어도괜찮아', '#부산여행중', '#겨울여행', '#해운대바다', '#여행에미치다', '#국내여행', '#연말', '#연말휴가', '#부산', '#부산여행', '#부산나들이', '#여행스타그램', '#사진여행', '#파라다이스호텔', '#호텔스타그램', '#부산호텔추천', '#주말여행', '#사진스타그램', '#여행지추천', '#힐링여행', '#traveler', '#travelgram', '#busan', '#travelphoto', '#hotelstyle', '#hotelgram', '#busantrip', '#koreatravel']",2019년 12월 27일,27
336,11.14yy,[],2019년 12월 27일,5
337,momo_heehee,"['#여행', '#여행에미치다', '#여행스타그램', '#사진', '#사진스타그램', '#사진맛집', '#치앙마이', '#photography', '#photostagram', '#travel', '#travelgram', '#chiangmai', '#chiangmailife', '#chiangmaioldtown', '#chiangmaioldcity']",2019년 12월 25일,24
338,ha_mi_chik_chik_sik_bbang,"['#오오티디', '#팔로우', '#일상', '#소통', '#일상스타그램', '#먹스타그램', '#패션', '#좋아요반사', '#아이폰', '#얼스타그램', '#해운대', '#한남동', '#홍대', '#광안리', '#팔로우', '#선팔', '#맞팔', '#인스타', '#셀피', '#셀카', '#신사동', '#선팔하면맞팔', '#이태원', '#동성로', '#서면', '#셀스타그램', '#여행스타그램', '#럽스타그램', '#맛집', '#데일리']",2019년 12월 26일,49
339,p111r___s,"['#onedaytrip', '#여행', '#여행스타그램', '#좋아요', '#데일리', '#데일리그램', '#셀피', '#셀피그램', '#ootd', '#life', '#travelphotography', '#travel', '#holiday']",2019년 12월 27일,5
340,____sira_,"['#daily', '#dailylook', '#trip', '#today', '#good', '#goodmorning', '#instagood', '#goodday', '#nice', '#insta', '#instadaily', '#instalike', '#instapic', '#likelike', '#like4likes', '#lover', '#좋반', '#팔로우미', '#팔로우환영', '#팔로', '#데일리', '#여행에미치다', '#여행스타그램', '#일본', '#한국', '#대구', '#사진']",2019년 12월 26일,40
341,psw_0317,"['#여행갈준비', '#여행스타그램', '#여행가자', '#휴가', '#휴가준비', '#휴가준비중', '#휴가시작', '#시댁행', '#친정행', '#놀러가자', '#7개월아기', '#7개월아들', '#7개월아기장난감', '#7개월아기간식']",2019년 12월 27일,14
342,nabubutravle,"['#20171216', '#나부부', '#신혼여행', '#honeymoon', '#유럽', '#유럽여행', '#동유럽', '#헝가리', '#hungary', '#부다페스트', '#budapest', '#6일차', '#6thday', '#아무렇게나찍어도', '#예술', '#sonynexc3', '#selp1650', '#여행스타그램', '#travel', '#trip', '#여행에미치다']",2019년 12월 27일,8
343,cmsfly,"['#Taiwan여행', '#대만여행', '#대만', '#타이완', '#타이페이', '#taiwan', '#taipei', '#여행', '#해외여행', '#여행스타그램', '#내사랑', '#내깐나', '#마이럽', '#예쁜아들램', '#멋진아들램', '#아들스타그램', '#36개월아기', '#36개월베이비', '#베이비그램', '#인스타베이비']",2019년 12월 27일,4
344,h_jin0713,"['#제주도', '#제주도마지막날', '#제주도여행', '#함덕해수욕장', '#함덕해변', '#함덕맛집', '#제주공항', '#제주공항맛집', '#인증샷', '#여행스타그램', '#힐링스타그램', '#인친환영', '#커플사진']",2019년 12월 27일,11
345,96_11_13,['#우무'],2019년 12월 27일,51
346,jejulovea,"['#유리의성', '#제주유리의성', '#야간개장', '#겨울야간', '#야간관광지', '#별빛축제', '#제주관광지', '#제주여행', '#제주도여행', '#오설록', '#에코랜드', '#데일리', '#일상', '#맞팔', '#항공우주박물관', '#신화월드', '#가족스타그램', '#가족여행', '#여행스타그램', '#제주맛집', '#제주도가볼만한곳', '#제주핫플레이스', '#유리공예체험', '#곶자왈', '#여행에미치다', '#여행', '#travel', '#제주스타그램', '#체험학습', '#동백꽃']",2019년 12월 27일,6
347,awesomeparagliding,"['#패러글라이딩', '#청춘패러', '#청춘스타그램', '#단양패러글라이딩', '#단양패러', '#내일로', '#인생샷', '#버킷리스트', '#여행스타그램', '#욜로', '#paragliding', '#전참시', '#대학생', '#korea', '#danyang', '#1박2일', '#trip', '#가을', '#맛집', '#대학생', '#일상', '#데일리룩', '#셀카']",2019년 12월 27일,2
348,ash.leigh.k,"['#sydney', '#travelgram', '#여행스타그램']",2019년 12월 27일,16
349,ssulllllll_a,"['#데일리', '#일상', '#미국', '#여행', '#미국여행', '#시카고', '#시카고여행', '#마지막', '#밤', '#여행스타그램', '#여행그램', '#여행일기', '#야경', '#야경스타그램', '#daily', '#travel', '#trip', '#travelgram', '#travelphotography', '#america', '#chicago', '#night', '#nightphotography', '#nightview', '#landscape', '#instagood', '#instadaily', '#mood', '#instamood']",2019년 12월 27일,8
350,jooo____o,"['#럽스타그램', '#여행스타그램', '#인스타그램', '#셀스타그램', '#맞팔선팔환영']",2019년 12월 27일,3
351,flex.____.ph,"['#서울', '#이태원', '#패션', '#쇼핑', '#얼스타그램', '#한남동', '#데일리', '#셀스타그램', '#인테리어', '#맞팔', '#선팔', '#선팔하면맞팔', '#맞팔해요', '#셀카', '#셀피', '#럽스타그램', '#좋아요반사', '#운동스타그램', '#헬스타그램', '#여행스타그램', '#뷰티', '#인친', '#언팔싫어요', '#일상', '#소통', '#카페', '#한남동', '#likeforfollow']",2019년 12월 27일,14
352,jayjinoh,"['#여주', '#여주여행', '#신륵사', '#재이진오', '#여행', '#여행스타그램', '#커플스타그램']",2019년 12월 26일,4
353,daegu_flight,"['#대구플라이트대만', '#대만', '#온천여행', '#대구출발해외여행', '#대구출발', '#해외여행', '#여행', '#여행스타그램', '#여행사진', '#맞팔', '#소통', '#팔로우', '#대구', '#대구여행사', '#대만', '#타이베이', '#동남아여행', '#여행지추천', '#타이완', '#대구대만', '#대구공항', '#대만패키지여행', '#타이페이패키지여행', '#패키지여행', '#대구패키지여행', '#경산', '#구미', '#포항', '#의성', '#타이페이']",2019년 12월 27일,6
354,so_ree_happy,['#제주여행기'],2019년 12월 27일,10
355,ga._.hyunnn,"['#코타키나발루', '#말레이시아', '#여행', '#여행스타그램', '#친구', '#메리어트호텔', '#marriothotel', '#필리피노마켓', '#망고', '#어퍼스타', '#이마고몰', '#스타벅스', '#벨라선셋', '#마사지', '#해피아워', '#구름', '#하늘', '#칵테일', '#크리스마스', '#셀스타그램', '#malaysia', '#kotakinabalu', '#christmas', '#selfie', '#ootd', '#f4f', '#instagood', '#instadaily', '#instagram', '#trap']",2019년 12월 26일,41
356,000__925,[],2019년 12월 27일,16
357,u.delight_,"['#토퍼', '#번팅', '#케이크번팅', '#케이크토퍼', '#생일토퍼', '#토퍼제작', '#불금', '#메세지픽', '#안녕제주', '#제주', '#통영여행', '#통영', '#통영맛집', '#통영카페', '#통영토퍼', '#여행토퍼', '#생일', '#생신', '#여행', '#여행픽', '#선팔맞팔', '#소통해요', '#여행스타그램', '#인친', '#소통', '#bridalshower', '#wedding', '#propose', '#trip', '#jeju']",2019년 12월 27일,6
358,eunji_95__,"['#일상', '#팔로워', '#먹스타그램', '#좋아요반사', '#팔로우', '#데일리룩', '#서면', '#좋아요반사', '#셀피', '#좋아요', '#피드', '#얼스타그램', '#선팔하면맞팔', '#맛집', '#여행스타그램', '#멍스타그램', '#댓글', '#소통', '#선팔', '#맞팔', '#럽스타그램', '#술스타그램', '#뷰티스타그램', '#일상', '#갤럭시', '#소통해요', '#커피', '#광안리', '#인스타그램', '#해운대']",2019년 12월 27일,24
359,choi747,"['#여행의순간', '#추억팔이', '#대만여행', '#가오슝여행', '#치진섬', '#12월가오슝', '#여행스타그램', '#감성', '#감성사진', '#감성여행', '#데일리', '#일상', '#여행사진']",2019년 12월 27일,5
360,_0_lalala_stella,"['#여행중', '#여행스타그램', '#초당커피정미소', '#카페스타그램', '#여행기록', '#강릉여행', '#강릉카페', '#커플', '#커플스타그램', '#여보랑']",2019년 12월 27일,21
361,iwill0924,"['#russia', '#moscow', '#russiatrip', '#skyscraper', '#moscowtrip', '#travelgram', '#traveler', '#travel', '#landscape', '#landscapephotography', '#landscapelovers', '#scenery', '#러시아', '#모스크바', '#러시아여행', '#모스크바여행', '#트래블스타그램', '#트래블그램', '#여행스타그램', '#여행에미치다', '#풍경스타그램', '#마천루']",2019년 12월 27일,10
362,amar_momento,[],2019년 12월 27일,58
363,aram8965,[],2019년 12월 27일,9
364,newtaipeitour,"['#newtaipeitour', '#newtaipeicity', '#travelgram', '#popdaily', '#like4follow', '#thisisnewtaipeicity', '#대만여행', '#여행스타그램', '#억새', '#핫플레이스', '#겨울여행']",2019년 12월 27일,197
365,chae__yn,[],2019년 12월 27일,39
366,heeeeeeep,"['#힢맛집', '#힢맛집', '#힢맛집', '#먹스타그램', '#맛스타그램', '#맛있다그램', '#여행스타그램', '#여행에미치다', '#광저우', '#Guangzhou', '#광저우맛집', '#광저우맛집추천', '#데판야끼맛집', '#데판야끼', '#철판요리', '#스테이크', '#왕새우구이', '#왕새우', '#볶음요리', '#노동주']",2019년 12월 27일,36
367,rex.93_93,[],2019년 12월 27일,40
368,jungpangpang,"['#일상스타그램', '#여행스타그램', '#국내여행', '#혼자여행', '#출장', '#여수', '#여수여행', '#여수예술랜드', '#여수해상케이블카', '#여수바다']",2019년 12월 27일,40
369,l._.jiii,"['#레드샌듄', '#베트남', '#여행', '#호치민', '#무이네', '#여행스타그램', '#무이네맛집', '#인친', '#소통', '#travel', '#trip', '#현지인', '#여행에미치다', '#사막투어']",2019년 12월 27일,50
370,jeongindaeyo,[],2019년 12월 25일,97
371,emily_jinhee,['#장진우식당제주'],2019년 12월 27일,16
372,parkeegram,[],2019년 12월 27일,38
373,namhee_in_stars,"['#지구별여행자', '#selfie', '#부여여행', '#금강문화원', '#너에게가는길', '#감성글', '#감성사진관', '#우리동네예쁜길', '#조용히걷기좋은길', '#같이걸을래', '#원주사진', '#여행스타그램', '#감성사진', '#travelingkorea', '#1dxmark2', '#canon', '#korea', '#traveling', '#photos', '#photooftheday', '#koreanphotography', '#koreanphotographer', '#nicelandscape', '#road', '#beautifulroad', '#korea', '#koreanphotography', '#korea', '#dailyphoto', '#proofoftheday', '#igs']",2019년 12월 27일,46
374,lit_iam_lyn,[],2019년 12월 27일,44
375,wonny_iii,"['#원쓰', '#다낭여행', '#여행에미치다', '#여행다녀왔습니다', '#여행지추천', '#여행코스', '#오늘의여행', '#베트남', '#베트남여행', '#여행스타그램', '#친구여행', '#travelphotography', '#travel', '#travelgram', '#ootd', '#trip', '#vietnam', '#danang']",2019년 12월 21일,26
376,formryever,"['#하슬라아트월드', '#강릉여행하슬라아트월드짱', '#여행에미치다', '#여행에미치다', '#가족여행', '#데이트코스', '#커플여행', '#강원도여행', '#강릉여행', '#여행그램', '#여행', '#여행스타그램', '#엄빠', '#강릉가볼만한곳', '#여행지추천']",2019년 12월 27일,4
377,bebe._.eun,[],2019년 12월 27일,52
378,mamama_0901,"['#서울리즘', '#크리스마스', '#크리스마스파티', '#서울', '#서울카페', '#잠실카페', '#송파카페', '#카페스타그램', '#카페투어', '#서울맛집', '#일상스타그램', '#데일리룩', '#데일리', '#여행', '#여행스타그램', '#소통', '#소통해요', '#맞팔', '#맞팔해요']",2019년 12월 27일,17
379,ha_lcyon_,[],2019년 12월 27일,29
380,etoile_aurore,[],2019년 12월 27일,20
381,orrcafe_jiyeon,"['#메리크리스마스', '#달동해바라기', '#네추럴와인', '#와인콜키지']",2019년 12월 26일,82
382,mamama_0901,"['#망원동카페', '#카페스타그램', '#카페', '#카페투어', '#오오티디', '#일상스타그램', '#여행스타그램', '#데일리룩', '#데일리그램', '#소통', '#맞팔', '#맞팔해요', '#망원동맛집']",2019년 12월 23일,46
383,shanghai_onni,"['#shanghai', '#상하이', '#중국', '#여행스타그램', '#여행에미치다', '#china', '#좋아요반사', '#좋아요반사']",2019년 12월 27일,58
384,_yikong_,"['#여름', '#세부']",2019년 12월 27일,54
385,dabang3am,"['#서인의새벽다방', '#서인아나운서', '#mbc', '#mbc라디오', '#표준fm', '#95', '#새벽라디오', '#올빼미투어', '#국내여행', '#국내여행추천', '#주말여행', '#광주여행', '#청춘발산마을', '#벽화마을', '#광주맛집', '#진흥불고기', '#소고기맛집', '#여행스타그램', '#식도락여행', '#먹방스타그램', '#먹방투어']",2019년 12월 27일,8
386,youareflower___,"['#antelopecanyon', '#앤탈롭캐년', '#맥붕이라잘몰라요', '#해마를찾으시오']",2019년 12월 27일,31
387,eun_je5,"['#럽', '#럽스타그램', '#연애', '#연애스타그램', '#행복', '#커플', '#비글커플', '#에버랜드', '#소확행', '#여행에미치다', '#여행스타그램', '#daily', '#오오티디', '#인친', '#실내데이트', '#실외데이트', '#팔로워', '#좋반', '#소통', '#맞팔']",2019년 12월 27일,11
388,gray9_529,[],2019년 12월 27일,81
389,hahihuheho_5,"['#로마', '#로마여행', '#여행기록', '#여행스타그램', '#유럽', '#유럽여행', '#이탈리아여행', '#콜로세움', '#천사의성', '#베네치아광장', '#나홀로여행', '#로마야경', '#낮보다는밤']",2019년 12월 27일,8
390,924studio,"['#페이스위너', '#데일리룩', '#좋아요', '#좋반', '#좋아요반사', '#좋반테러', '#좋튀', '#선팔', '#맞팔', '#선팔하면맞팔', '#팔로우', '#첫줄', '#첫줄반사', '#소통', '#오오티디', '#셀피', '#셀카', '#얼스타그램', '#셀스타그램', '#흔남', '#훈남', '#오늘의훈남', '#인스타그램', '#여행스타그램', '#남자헤어스타일', '#인스타감성', '#ootd', '#selstagram', '#selfie', '#dailylook']",2019년 12월 27일,83
391,_charm_y,"['#제주여행중', '#daily', '#일상', '#데일리', '#selfie', '#셀카', '#셀스타그램', '#f4f', '#jeju', '#제주도', '#제주여행', '#가족여행', '#여행', '#여행스타그램', '#travel', '#새댁', '#새댁일상', '#주상절리', '#천제연폭포', '#서귀포', '#휴가', '#겨울휴가']",2019년 12월 27일,28
392,999999999.co,[],2019년 12월 27일,15
393,momodesigner12,"['#팔로우', '#좋아요', '#좋반', '#좋반테러', '#여행에미치다', '#여행스타그램', '#제주도', '#제주도여행']",2019년 12월 27일,21
394,leemina_7,"['#햄버거맛집', '#호텔맛집', '#나트랑맛집', '#daily', '#selfie', '#sel', '#selca', '#korea', '#ootd', '#selfie', '#follow4follow', '#f4f', '#선팔', '#맞팔', '#팔로우', '#소통', '#communication', '#likeforlikes', '#instadaily', '#photooftheday', '#travel', '#여행스타그램', '#여행에미치다', '#여행추천', '#겨울여행', '#나트랑여행', '#스완도르리조트', '#swandorhotels', '#냐짱', '#냐짱여행', '#nhatrang']",2019년 12월 27일,16
395,pinkbubble.co.kr,"['#보석핸드폰케이스', '#큐빅핸드폰케이스', '#그립톡', '#데코덴케이스', '#데코덴핸드폰케이스', '#핸드폰케이스', '#핸드폰케이스주문제작', '#핸드폰케이스쇼핑몰', '#핸드폰', '#폰케이스', '#폰그립', '#스마트폰그립톡', '#ootd', '#뷰스타그램', '#인친', '#데일리', '#소통', '#맞팔', '#얼스타그램', '#폰손잡이', '#스마트폰손잡이', '#여행스타그램', '#셀피', '#흔녀', '#흔남', '#셀카', '#선팔맞팔', '#럽스타그램', '#셀기꾼', '#패션스타그램']",2019년 12월 27일,8
396,attractionmy,"['#편의점쇼핑', '#폼폼니트모자', '#성공한여자마켓', '#국내여행', '#해외여행', '#육아맘', '#골프', '#여행', '#여행패션', '#시댁', '#여행준비', '#친정', '#휴가', '#호캉스', '#수영장', '#신혼여행', '#가족여행', '#비치웨어', '#리조트룩', '#미시룩', '#여행스타그램', '#늦캉스', '#연휴', '#맘룩', '#딸스타그램', '#겨울코디', '#겨울모자', '#스키모자', '#골프모자', '#모자코디']",2019년 12월 27일,52
397,youareflower___,"['#horseshoebend', '#그랜드캐년1박2일', '#장풍빠셍']",2019년 12월 27일,11
398,cccccssssseeeee,"['#일상', '#서니일상', '#상해', '#상해여행', '#여행에미치다', '#훠궈', '#사장님', '#천재', '#적게일하고많이벌기', '#기원해요', '#맛집', '#맛집스타그램', '#먹스타그램', '#여행스타그램', '#일상스타그램']",2019년 12월 27일,2
399,flower_______h,"['#여행', '#강릉', '#나들이', '#힐링', '#여행스타그램', '#2019마지막바다', '#행복', '#바다']",2019년 12월 27일,7
400,tamna7788,"['#펭수', '#스파오', '#최애캐릭터', '#펭수', '#펭하', '#펭바', '#창원', '#패션', '#패션피플', '#패션스타그램', '#귀요미', '#창원', '#창원맛집', '#창원미용실', '#마산', '#진해', '#부산', '#서면', '#해운대', '#강남', '#제주', '#여행스타그램', '#ootd', '#daily', '#일상', '#맞팔', '#커피스타그램', '#드라이브']",2019년 12월 27일,82
401,mishowwwwwww_w,[],2019년 12월 27일,14
402,awesomeparagliding,"['#패러글라이딩', '#청춘패러', '#청춘스타그램', '#단양패러글라이딩', '#단양패러', '#내일로', '#인생샷', '#버킷리스트', '#여행스타그램', '#욜로', '#paragliding', '#전참시', '#대학생', '#korea', '#danyang', '#1박2일', '#trip', '#가을', '#맛집', '#대학생', '#일상', '#데일리룩', '#셀카']",2019년 12월 27일,2
403,2000solid,"['#아울렛', '#outlet', '#롯데아울렛', '#icheon', '#솔리드옴므', '#solidhomme', '#solidhomme2000', '#이천', '#mensfashion', '#2000solid', '#wym', '#하객룩', '#데이트룩', '#인생샷', '#리조트', '#여행', '#호텔', '#패션', '#공항패션', '#여행룩', '#여행스타그램', '#어메니티', '#커플', '#연인', '#셀카', '#얼스타그램', '#셀기꾼', '#셀카그램', '#셀스타그램', '#오오티디']",2019년 12월 27일,3
404,charlotte__yj,"['#다낭여행', '#발마사지', '#전신마사지', '#아로마마사지', '#핫스톤마사지', '#타이마사지', '#픽업왕복', '#드랍서비스', '#다낭공항샌딩', '#짐보관서비스', '#베이비시터', '#팬스파', '#마사지잘하는곳', '#fanspa']",2019년 12월 27일,18
405,hoondax,[],2019년 12월 27일,5
406,teng.0.7,[],2019년 12월 27일,116
407,21_queen_167_,"['#럽스타그램', '#셀스타그램', '#술스타그램', '#여행스타그램', '#카페스타그램', '#헬스타그램', '#운동스타그램', '#얼스타그램', '#서면', '#가로수길', '#광안리', '#해운대', '#남포동', '#홍대', '#패션', '#쇼핑', '#셀카', '#셀피', '#데일리', '#이태원', '#디뮤지엄', '#홈데코', '#인테리어', '#맛집', '#카페', '#인친', '#소통', '#맞팔', '#선팔', '#좋아요반사']",2019년 12월 15일,133
408,noonz_e,[],2019년 12월 27일,18
409,yeseul._.h,"['#나트랑', '#미아리조트', '#인생샷득템중', '#라바이아', '#개조앙', '#베트남', '#여행스타그램', '#여행중']",2019년 12월 27일,14
410,i_soa2_i,[],2019년 12월 27일,60
411,cool_guy.k.s,"['#인생샷', '#태국여행', '#힐링여행', '#일상', '#데일리', '#daily', '#셀카', '#셀스타그램', '#인생스타그램', '#여행스타그램']",2019년 12월 27일,9
412,s0y.e0n,"['#소연', '#미국여행', '#로스앤젤레스', '#LosAngeles', '#la여행', '#엘에이', '#여행', '#여행스타그램', '#여행에미치다', '#셀카', '#셀피', '#선팔', '#맞팔', '#선팔맞팔', '#선팔하면맞팔', '#팔로우', '#좋아요', '#좋반', '#좋아요반사', '#소통', '#다이렉트', '#디엠', '#댓글', '#인친', '#팔로우미', '#follow', '#following', '#followme', '#likeforlikes', '#followforfollowback']",2019년 12월 27일,34
413,its_beeva,"['#christmas', '#trip', '#montr', '#크리스마스', '#여행', '#몬트리올', '#캐나다', '#여행스타그램', '#사진스타그램', '#노트르담대성당', '#사진', '#일상', '#소통', '#데일리', '#canada', '#toronto', '#daily', '#photo', '#shotoniphone', '#torontolife', '#winter', '#wintertravel', '#montreal']",2019년 12월 27일,25
414,seok.pic,"['#소니이미지갤러리', '#맞팔', '#소통', '#감성사진', '#취미사진', '#필름느낌', '#소니미러리스', '#a7m3', '#여행스타그램', '#데이트스냅', '#필름', '#일상스타그램', '#일상사진', '#일상', '#인생사진', '#데이트사진', '#데이트스냅', '#풍경', '#소니이미지스토밍', '#스냅사진', '#스냅', '#소니이미지', '#여행', '#인물사진', '#일반인모델', '#사진작업', '#일상기록']",2019년 12월 27일,27
415,museguesthouse,['#애월리안'],2019년 12월 27일,7
416,fudlow10,"['#제주도맛집', '#여행스타그램', '#제주카페추천', '#빵맥', '#브와두스서귀포점', '#빵스타그램', '#서귀포카페', '#브와두스베이커리', '#제주도여행', '#제주도카페', '#제주타르트', '#서귀포맛집', '#제주카페투어', '#제주맛집', '#서귀포', '#제주카페', '#카페스타그램', '#제주여행스타그램', '#브와두스', '#제주핫플']",2019년 12월 27일,2
417,__1ucky,"['#치앙마이', '#꼬프악꼬담', '#두마리토끼잡기성공']",2019년 12월 27일,129
418,jinny.yangg,"['#newhampshire', '#wentworth', '#여행', '#여행스타그램', '#데이트', '#부부', '#신혼', '#신혼일상', '#새댁소통', '#일상', '#미국일상', '#미국생활', '#미국브이로그', '#브이로그', '#새댁브이로그', '#일상브이로그', '#데일리', '#셀프', '#기록', '#일상기록', '#instagood', '#instagram', '#goodtimes', '#travel', '#2019', '#christmas', '#새댁일상', '#신혼생활', '#결혼조하', '#신혼스타그램']",2019년 12월 27일,33
419,m.g0_0,"['#경주여행', '#selfie', '#trip', '#travel', '#여행', '#여행스타그램', '#절친스타그램', '#첨성대', '#대릉원', '#동궁과월지', '#경주엑스포', '#황리단길', '#신라', '#adeiu', '#2019']",2019년 12월 27일,19
420,bbongwoo.nam,"['#맛스타그램', '#여행스타그램', '#스페인여행중', '#바르셀로나맛집', '#시우다드콘달', '#푸아그라스테이크', '#꿀대구', '#샹그리아', '#핵존맛탱']",2019년 12월 27일,3
421,noonz_e,[],2019년 12월 27일,17
422,nini_mi09,"['#라라브레드', '#빵스타그램', '#먹스타그램', '#여행스타그램', '#광주송정역', '#엄마랑']",2019년 12월 27일,4
423,chadorichacha,"['#동문시장', '#제주도', '#야시장', '#먹스타그램', '#여행스타그램', '#겨울여행', '#제주여행', '#시장']",2019년 12월 27일,4
424,sweetyoni,"['#용다리', '#선짜야시장', '#손트라야시장', '#한국사람인가', '#danang', '#danangtrip', '#danangvietnam', '#vietnam', '#여행', '#가족여행', '#여행스타그램', '#여행에미치다', '#여행사진', '#여행사진작가', '#다낭여행', '#다낭', '#다낭야시장']",2019년 12월 27일,4
425,yojoladys2,"['#플로팅조식', '#슈가브리움', '#floatingbreakfast', '#여수여행', '#풀빌라', '#온수풀', '#아침', '#조식', '#맛스타그램', '#여행스타그램']",2019년 12월 27일,23
426,a__a_vely,[],2019년 12월 25일,908
427,seogane_fun,"['#서가네뻥튀기', '#강릉맛집', '#중앙시장맛집', '#강릉여행', '#강릉중앙시장', '#강릉월화거리', '#월하거리', '#서가네뻥튀기', '#강냉이전문점', '#강릉', '#월화거리', '#강릉월하거리', '#강릉핫플', '#중앙시장', '#서가네', '#카라멜강냉이', '#초코강냉이', '#치즈강냉이', '#서가네라떼', '#뻥튀기아이스크림', '#색다른맛', '#강릉여행', '#디저트', '#아이간식', '#맥주안주', '#팝콘아님', '#월화거리맛집', '#건강먹거리', '#여행스타그램', '#강릉월화거리맛집', '#강릉중앙시장', '#강릉중앙시장맛집']",2019년 12월 27일,18
428,jejue_pongdang,"['#제주애퐁당', '#중문', '#소주잔', '#제주소주잔', '#제주', '#제주도', '#제주여행', '#제주도여행', '#여행스타그램', '#제주기념품', '#제주선물', '#제주기념품샵', '#제주기프트샵', '#중문핫플', '#중문선물가게', '#중문관광단지', '#중문기념품샵', '#제주핫플', '#제주여행코스', '#서귀포시', '#제주감성', '#제주감성소품샵']",2019년 12월 27일,7
429,minnnnn__n,"['#제주여행', '#위미동백군락지', '#제주', '#jeju', '#제주가볼만한곳', '#서귀포', '#제주동백', '#동백꽃', '#동백나무', '#동백수목원', '#여행스타그램', '#럽스타그램', '#인생샷', '#셀카', '#셀피', '#selca', '#selfie']",2019년 12월 27일,12
430,pm19.00,[],2019년 12월 27일,13
431,don9gyun.26,"['#남미여행', '#볼리비아', '#bolivia', '#우유니소금사막', '#우유니투어', '#uyuni', '#salardeuyuni', '#데이투어', '#여행스타그램']",2019년 12월 27일,5
432,sungchan_o,"['#canada', '#vancouver', '#일본불매운동', '#catholic', '#capilanopark', '#밴쿠버', '#육아소통', '#아이스타그램', '#먹스타그램', '#키즈스타그램', '#미세먼지', '#원숭이띠아기', '#여행스타그램', '#baby', '#어린이집', '#일상스타그램', '#아빠스타그램', '#베이비스타그램', '#육아스타그램', '#아들스타그램', '#맘스타그램', '#airbnb', '#유럽여행', '#국내여행', '#tourist', '#육아', '#tourism']",2019년 12월 27일,18
433,do_onee,"['#셀피', '#셀카', '#셀스타', '#셀스타그램', '#일상', '#일상스타그램', '#여행스타그램', '#여미', '#록스마켓', '#시드니여행', '#전신샷', '#인생샷', '#여행에미치다', '#시드니', '#ootd', '#therocksmarket', '#sydney']",2019년 12월 27일,12
434,illu.__.illu,"['#monumentvalley', '#usa', '#utah', '#navajo', '#travel', '#모뉴먼트밸리', '#미국', '#신혼여행', '#럽스타그램', '#미국여행', '#homedecor', '#interior', '#artprint', '#illustration', '#digitalart', '#print', '#drawing', '#creative', '#design', '#posters', '#walldecor', '#그림스타그램', '#여행', '#여행스타그램', '#일러스트', '#인테리어그림', '#드로잉', '#홈데코', '#스케치', '#집꾸미기']",2019년 12월 27일,33
435,miracle_miran_,"['#오고싶었던곳', '#커피프렌즈촬영지', '#커피프렌즈in제주', '#카페프렌즈', '#tv에서보던그곳', '#유연석손호준은', '#어디에', '#제주커피프렌즈', '#카페프렌즈인제주', '#제가한번와봤습니다', '#제주여행', '#여행스타그램']",2019년 12월 27일,12
